meta_analysis,references,study_area,longitude,latitude,water_body_type,hrt_d,water_depth_m,surface_area_m2,k_d,TN_retention_percent,temperature,cheng_cstr_k,cheng_N_load_kg_d,cheng_flow_m3_year
cheng,Abe et al 2008,Japan,,,CWSF,1.90E+00,0.1,4.80E+02,0.303,,,4.09E-01,4.83E-01,9.60E+03
shen,"Ai et al., 2020",Jiangsu,118.9,33.3,wetland,4,1.3,0.28,0.026,10,29.1,,,
cheng,Akratos  2007,Greece,,,CWUF,6.00E+00,0.45,2.25E+00,,,,,,-9.99E+02
cheng,Akratos  2007,Greece,,,CWUF,6.00E+00,0.45,2.25E+00,,,,,,-9.99E+02
cheng,Akratos  2007,Greece,,,CWUF,6.00E+00,0.45,2.25E+00,,,,,,-9.99E+02
cheng,Akratos  2007,Greece,,,CWUF,6.00E+00,0.45,2.25E+00,,,,,,-9.99E+02
cheng,Akratos  2007,Greece,,,CWUF,6.00E+00,0.45,2.25E+00,,,,,,-9.99E+02
cheng,Akratos  2007,Greece,,,CWUF,8.00E+00,0.45,2.25E+00,,,,,,-9.99E+02
cheng,Akratos  2007,Greece,,,CWUF,8.00E+00,0.45,2.25E+00,,,,,,-9.99E+02
cheng,Akratos  2007,Greece,,,CWUF,8.00E+00,0.45,2.25E+00,,,,,,-9.99E+02
cheng,Akratos  2007,Greece,,,CWUF,8.00E+00,0.45,2.25E+00,,,,,,-9.99E+02
cheng,Akratos  2007,Greece,,,CWUF,8.00E+00,0.45,2.25E+00,,,,,,-9.99E+02
cheng,Akratos  2007,Greece,,,CWUF,1.40E+01,0.45,2.25E+00,,,,,,-9.99E+02
cheng,Akratos  2007,Greece,,,CWUF,1.40E+01,0.45,2.25E+00,,,,,,-9.99E+02
cheng,Akratos  2007,Greece,,,CWUF,1.40E+01,0.45,2.25E+00,,,,,,-9.99E+02
cheng,Akratos  2007,Greece,,,CWUF,1.40E+01,0.45,2.25E+00,,,,,,-9.99E+02
cheng,Akratos  2007,Greece,,,CWUF,1.40E+01,0.45,2.25E+00,,,,,,-9.99E+02
cheng,Akratos  2007,Greece,,,CWUF,2.00E+01,0.45,2.25E+00,,,,,,-9.99E+02
cheng,Akratos  2007,Greece,,,CWUF,2.00E+01,0.45,2.25E+00,,,,,,-9.99E+02
cheng,Akratos  2007,Greece,,,CWUF,2.00E+01,0.45,2.25E+00,,,,,,-9.99E+02
cheng,Akratos  2007,Greece,,,CWUF,2.00E+01,0.45,2.25E+00,,,,,,-9.99E+02
cheng,Akratos  2007,Greece,,,CWUF,2.00E+01,0.45,2.25E+00,,,,,,-9.99E+02
cheng,Andersen et al 2003,USA,,,CWSF,1.39E+01,0.716666667,9.90E+04,0.115,,,2.84E-01,1.03E+02,1.90E+06
cheng,Andersen et al 2003,,,,CWSF,2.23E+01,1.15,9.90E+04,0.0819,,,2.34E-01,1.46E+02,1.90E+06
cheng,Ansola et al 2003,Spain,,,CWSF,1.60E+00,,3.30E+00,1.95,,,1.35E+01,,-9.99E+02
cheng,Arheimer et al  2002,Sweden,,,CWSF,1.10E+00,1,4.00E+03,0.135,,,1.45E-01,3.45E+01,1.45E+06
cheng,Arheimer et al  2002,Sweden,,,CWSF,6.00E-01,1.5,1.00E+04,0,,,0.00E+00,1.31E+02,8.72E+06
cheng,Arheimer et al  2002,Sweden,,,CWSF,8.00E-01,1.5,1.00E+03,0.0251,,,2.53E-02,2.52E+01,6.10E+05
cheng,Arheimer et al  2002,Sweden,,,CWSF,5.00E+00,2.1,3.00E+03,0.0209,,,2.21E-02,2.40E+01,5.12E+05
cheng,Arheimer et al  2002,Sweden,,,CWSF,2.50E+00,0.8,8.00E+03,0.0857,,,9.55E-02,2.01E+01,8.82E+05
cheng,Arheimer et al  2002,Sweden,,,CWSF,3.90E+00,1,3.00E+04,0.0701,,,8.06E-02,3.54E+01,2.81E+06
cheng,Arheimer et al  2002,Sweden,,,CWSF,1.00E-01,0.7,4.00E+03,-0.377,,,-3.70E-01,2.13E+02,9.97E+06
cheng,Arheimer et al  2002,Sweden,,,CWSF,3.60E+00,1.5,5.00E+03,0.0232,,,2.42E-02,1.40E+01,6.79E+05
cheng,Bacahand and Horne 2000,USA,,,CWSF,9.64E-01,0.53,7.50E+02,0.0761,,,7.89E-02,4.30E+00,1.50E+05
shen,"Bai et al., 2020",Jilin,125.4,43.8,wetland,3,,1000,0.107,27.5,13.7,,,
shen,"Bai et al., 2020",Jilin,125.4,43.8,wetland,3,,1000,0.462,75,19,,,
cheng,Belmont et al  2004,Mexico,,,CWUF,2.30E+00,0.6,1.56E+01,0.0223,,,2.29E-02,1.96E-01,1.02E+03
cheng,Belmont et al  2004,Mexico,,,CWUF,2.30E+00,0.6,1.56E+01,0.0451,,,4.75E-02,1.96E-01,1.02E+03
cheng,Beutel 2009 2009,USA,,,CWSF,6.70E+00,0.573333333,7.95E+03,0.222,,,5.09E-01,1.81E+00,2.65E+05
cheng,Beutel 2009 2009,USA,,,CWSF,6.30E+00,0.666666667,6.96E+03,0.16,,,2.77E-01,1.73E+00,3.01E+05
cheng,Beutel 2009 2009,USA,,,CWSF,1.60E+00,1.7,1.40E+03,0.114,,,1.25E-01,4.15E+00,6.31E+05
cheng,Billore et al  1999,India,,,CWUF,1.40E+00,0.85,4.18E+01,0.682,,,1.14E+00,7.07E-01,4.82E+03
cheng,Bolan 2004,New Zealand,,,CWSF,9.00E+01,1.5,2096,,,,,,-999
cheng,Borin and Tocchetto ,Italy,,,CWSF,2.57E+01,0.4,3.20E+03,0.0884,,,3.39E-01,3.51E-01,1.40E+04
cheng,Braskerud 2002,Norway,,,CWSF,4.17E-01,,9.00E+02,0.0731,,,7.42E-02,4.21E+00,6.20E+05
cheng,Braskerud 2002,,,,CWSF,2.92E-01,,3.50E+02,0.14,,,1.43E-01,2.14E+00,6.60E+05
cheng,Bulc  2006,Slovenia,,,CWUF,7.33E+00,0.8,3.52E+02,0.0822,,,1.13E-01,8.56E-01,6.28E+02
shen,"Cai, 2008",Chongqing,106.9,29.6,wetland,1,1,5,0.747,52.6,23.8,,,
shen,"Cai, 2008",Chongqing,106.9,29.6,wetland,1.7,0.8,12,0.868,76.6,27.1,,,
cheng,Cameron et al  2003,Canada,,,CWSF,1.50E+01,,,0.0355,,,4.69E-02,,-9.99E+02
shen,"Cao et al., 2000",Heilongjiang,126.6,45.8,wetland,0.8,,,0.28,19.2,17,,,
shen,"Cao et al., 2000",Heilongjiang,126.6,45.8,wetland,0.5,,,0.383,16.5,23,,,
shen,"Cao et al., 2000",Heilongjiang,126.6,45.8,wetland,2.9,,,-0.011,-3.1,4,,,
shen,"Cao et al., 2000",Heilongjiang,126.6,45.8,wetland,1.1,,,0.056,5.8,10,,,
shen,"Cao et al., 2000",Heilongjiang,126.6,45.8,wetland,1,,,0.329,27.6,17,,,
shen,"Cao et al., 2000",Heilongjiang,126.6,45.8,wetland,0.8,,,0.436,29.1,23,,,
shen,"Cao et al., 2000",Heilongjiang,126.6,45.8,wetland,3,,,0.006,1.8,4,,,
shen,"Cao et al., 2000",Heilongjiang,126.6,45.8,wetland,2,,,0.078,14.2,10,,,
shen,"Cao et al., 2005",Shandong,118.7,37.5,wetland,5.6,2,70100,0.099,42.5,16,,,
shen,"Cao et al., 2005",Shandong,118.7,37.5,wetland,5.6,2,70100,0.084,37.5,27.7,,,
shen,"Cao et al., 2005",Shandong,118.7,37.5,wetland,5.6,2,70100,0.065,30.5,15.8,,,
shen,"Cao et al., 2005",Shandong,118.7,37.5,wetland,5.6,2,70100,0.022,11.4,5,,,
shen,"Cao et al., 2005",Shandong,118.7,37.5,wetland,1.2,1,60192,0.446,41.4,16,,,
shen,"Cao et al., 2005",Shandong,118.7,37.5,wetland,1.2,1,60192,0.668,55.1,27.7,,,
shen,"Cao et al., 2005",Shandong,118.7,37.5,wetland,1.2,1,60192,0.698,56.7,15.8,,,
shen,"Cao et al., 2005",Shandong,118.7,37.5,wetland,1.2,1,60192,0.151,16.6,5,,,
shen,"Cao et al., 2005",Shandong,118.7,37.5,wetland,1.9,0.5,,0.316,45.5,27.7,,,
shen,"Cao et al., 2005",Shandong,118.7,37.5,wetland,1.9,0.5,,0.483,60.4,15.8,,,
shen,"Cao et al., 2016",Inner Mongolia,107.4,40.8,wetland,0.5,,,0.089,4.4,17,,,
shen,"Cao et al., 2016",Inner Mongolia,107.4,40.8,wetland,1,,,0.093,8.9,17,,,
shen,"Cao et al., 2016",Inner Mongolia,107.4,40.8,wetland,1.5,,,0.083,11.7,17,,,
shen,"Cao et al., 2016",Inner Mongolia,107.4,40.8,wetland,2,,,0.072,13.4,17,,,
shen,"Cao et al., 2016",Inner Mongolia,107.4,40.8,wetland,2.5,,,0.059,13.7,17,,,
cheng,Chavan 2008,USA,,,CWSF,2.25E-01,0.12,1.60E+01,2.88,,,4.05E+00,1.11E-02,3.20E+03
cheng,Chavan 2008,,,,CWSF,2.25E-01,0.12,1.60E+01,3.01,,,4.31E+00,1.11E-02,3.20E+03
cheng,Chavan 2008,,,,CWSF,2.25E-01,0.12,1.60E+01,1.16,,,1.33E+00,1.43E-02,3.20E+03
cheng,Chavan 2008,,,,CWSF,2.25E-01,0.12,1.60E+01,1.2,,,1.38E+00,1.43E-02,3.20E+03
shen,"Chen et al., 2004",Yunnan,102.9,24.6,wetland,2.2,,10060,0.394,57.3,19,,,
shen,"Chen et al., 2004",Yunnan,102.9,24.6,wetland,7.7,,10060,0.288,89.1,19,,,
shen,"Chen et al., 2019",Henan,113.9,34,wetland,1,2,,0.84,56.8,,,,
shen,"Chen et al., 2022",Shanghai,121.5,31.2,wetland,40,0.25,,0.045,83.2,26.7,,,
shen,"Chen, 2009",Guangxi,110.6,25.5,wetland,5,0.4,400,0.074,31,19,,,
shen,"Chen, 2009",Guangxi,110.6,25.5,wetland,5,0.4,400,0.135,49,27,,,
shen,"Chen, 2015",Jiangsu,119.8,31.9,wetland,1.6,0.33,0.8,0.665,66.1,26.8,,,
shen,"Chen, 2018",Jiangsu,120,31.4,wetland,7.7,0.4,14.4,0.091,50.4,30,,,
shen,"Chen, 2018",Jiangsu,120,31.4,wetland,7.7,0.4,14.4,0.079,45.4,20,,,
shen,"Chen, 2018",Jiangsu,120,31.4,wetland,7.7,0.4,14.4,0.048,30.8,5,,,
shen,"Chen, 2018",Jiangsu,120,31.4,wetland,4.6,0.4,14.4,0.063,25.3,30,,,
shen,"Chu et al., 2017",Gansu,103.8,36.1,wetland,7,0.9,,0.41,94.3,19.2,,,
cheng,Chung et al  2008,Hong Kong,,,CWUF,1.00E+01,0.15,2.43E-01,0.115,,,2.17E-01,,-9.99E+02
cheng,Chung et al  2008,Hong Kong,,,CWUF,5.00E+00,0.15,2.43E-01,0.203,,,3.52E-01,,-9.99E+02
cheng,Chung et al  2008,Hong Kong,,,CWUF,1.00E+01,0.15,2.43E-01,0.0802,,,1.23E-01,,-9.99E+02
cheng,Chung et al  2008,Hong Kong,,,CWUF,5.00E+00,0.15,2.43E-01,0.123,,,1.70E-01,,-9.99E+02
shen,"Cui, 2013",Hubei,114.4,30.5,wetland,6,1.2,12,0.109,48,12,,,
shen,"Cui, 2013",Hubei,114.4,30.5,wetland,6,1.2,12,0.26,79,30,,,
shen,"Cui, 2017",Gansu,103.9,36,wetland,0.8,0.6,0.5,0.895,51.1,24.5,,,
shen,"Cui, 2017",Gansu,103.9,36,wetland,0.8,0.6,0.5,0.844,49.1,10,,,
shen,"Cui, 2020",Anhui,117.2,31.8,wetland,4,,,0.132,41,21.8,,,
shen,"Cui, 2020",Anhui,117.2,31.8,wetland,6,,,0.114,49.7,21.8,,,
shen,"Cui, 2020",Anhui,117.2,31.8,wetland,8,,,0.083,48.5,21.8,,,
shen,"Dai et al., 2008",Jiangsu,,,wetland,5,0.35,,0.287,76.2,30,,,
cheng,DeBusk et al 2004,USA,,,CWUF,8.00E-01,0.15,1.32E+01,,,,,,9.03E+02
cheng,DeBusk et al 2004,Spain,,,CWUF,5.00E-01,,3.30E+00,2.51,,,5.01E+00,,-9.99E+02
cheng,DeBusk et al 2004,Germany,,,CWUF,1.01E+01,1,670,0.276,,,1.50E+00,1.99E+00,7300
shen,"Deng et al., 2007",Sichuan,103,30,wetland,7,0.25,,0.35,91.4,24,,,
cheng,Devito et al  1989,Canada,,,NWSF,4.78E+01,1,3.81E+04,0.000942,,,9.63E-04,3.56E-01,3.01E+05
cheng,Devito et al  1989,Canada,,,NWSF,1.02E+02,3.2,8.30E+03,-0.00117,,,-1.10E-03,7.96E-02,9.75E+04
cheng,Diaz et al 2012,USA,,,CWSF,2.50E+00,1,4.50E+04,0.083,,,9.22E-02,5.84E+01,3.50E+06
cheng,Diaz et al 2012,USA,,,CWSF,9.00E-01,0.75,2.30E+04,2.03,,,5.80E+00,8.46E+01,1.21E+06
cheng,Diaz et al 2012,USA,,,CWSF,1.60E+00,0.75,2.50E+04,0.563,,,9.14E-01,2.65E+01,4.83E+05
cheng,Diaz et al 2012,USA,,,CWSF,1.16E+01,0.875,1.50E+06,0.178,,,5.93E-01,3.24E+02,8.39E+06
cheng,Diaz et al 2012,USA,,,CWSF,1.75E+01,0.75,1.59E+06,-0.011,,,-9.97E-03,1.09E+03,2.96E+08
cheng,Diaz et al 2012,USA,,,CWSF,1.75E+01,0.75,1.30E+06,-0.0111,,,-1.01E-02,8.98E+02,2.45E+08
cheng,Diaz et al 2012,USA,,,CWSF,1.75E+01,0.75,1.73E+06,0.0104,,,1.14E-02,1.33E+03,3.65E+08
cheng,Dierberg et al  2002,USA,,,CWSF,1.50E+00,1,3.76E+00,,,,,,7.00E+02
cheng,Dierberg et al  2002,USA,,,CWSF,3.50E+00,1,3.76E-01,,,,,,3.02E+01
cheng,Dierberg et al  2002,USA,,,CWSF,7.00E+00,1,3.76E-01,,,,,,1.51E+01
shen,"Ding et al., 2014",Shanghai,121.5,31.2,wetland,5,0.7,1,0.127,46.9,29.3,,,
shen,"Ding et al., 2014",Shanghai,121.5,31.2,wetland,4,0.7,1,0.438,82.6,29.3,,,
cheng,Drizo et al  1999,UK,,,CWUF,5.00E+00,0.5,5.00E-01,0.06,,,,,3.65E+00
shen,"Du, 2020",Jiangsu,120,31.5,wetland,71.3,1,21324.88,0.003,20,10.4,,,
shen,"Du, 2020",Jiangsu,120,31.5,wetland,71.3,1,21324.88,0.008,41.7,24.1,,,
cheng,El Hamouri et al  2007,Morocco,,,CWUF,9.00E+00,,,0.0275,,,3.11E-02,5.70E-01,3.27E+03
shen,"Fahim et al., 2020",Jiangsu,120.4,31.5,wetland,1.3,0.5,0.6,1.248,79,8.4,,,
shen,"Fan, 2018",Beijing,116.7,40.3,wetland,1.2,0.6,4.5,0.438,40.2,,,,
shen,"Fang et al., 2009",Fujian,118.9,27.4,wetland,1,0.35,,0.683,49.5,15,,,
shen,"Fang et al., 2009",Fujian,118.9,27.4,wetland,2,0.35,,0.444,58.9,15,,,
shen,"Fang et al., 2009",Fujian,118.9,27.4,wetland,4,0.35,,0.277,66.9,15,,,
shen,"Fang et al., 2009",Fujian,118.9,27.4,wetland,6,0.35,,0.211,71.9,15,,,
shen,"Fang et al., 2009",Fujian,118.9,27.4,wetland,8,0.35,,0.173,75,15,,,
shen,"Fang, 2006",Zhejiang,120.2,30.3,wetland,14,1.5,10000,0.038,41.5,25.5,,,
cheng,Farahbakhshazad et al  2000,Brazil,,,CWUF,2.55E+01,0.5,4.40E+02,,,,,,3.20E+03
cheng,Farahbakhshazad et al  2000,,,,CWUF,4.40E+00,,,0.097,,,1.21E-01,1.20E-01,2.40E+04
cheng,Farahbakhshazad et al  2000,,,,CWUF,3.50E+00,,,0.418,,,9.48E-01,1.54E-01,3.10E+04
cheng,Farahbakhshazad et al  2000,,,,CWUF,2.40E+00,,,0.228,,,3.03E-01,3.92E-02,4.50E+04
cheng,Farahbakhshazad et al  2000,,,,CWUF,1.20E+00,,,0.46,,,6.13E-01,7.02E-02,9.10E+04
cheng,Farahbakhshazad et al  2000,,,,CWUF,6.00E-01,,,1.29,,,1.94E+00,3.87E-01,1.80E+05
shen,"Feng and Zhang, 2012",Yunnan,,,wetland,15,0.45,,0.018,23.8,22,,,
shen,"Feng et al., 2018",Hunan,113.3,28.6,wetland,12.5,1,80,0.106,73.4,24.7,,,
shen,"Feng, 2012",Guangdong,113.4,23.1,wetland,1.8,1.2,700,0.623,68.2,29,,,
cheng,Fleischer et al 1994,,,,CWSF,1.72E+00,0.5,9.00E+03,0.0532,,,5.58E-02,5.13E+00,1.10E+05
cheng,Fleischer et al 1994,,,,CWSF,1.14E+00,0.9,4.70E+03,0.0228,,,2.31E-02,4.59E+01,2.90E+05
cheng,Fleischer et al 1994,,,,CWSF,2.87E-01,1.5,1.00E+04,0.226,,,2.33E-01,2.97E+02,1.90E+06
cheng,Fleischer et al 1994,,,,CWSF,5.08E-01,0.3,1.10E+02,0.461,,,5.20E-01,1.19E+00,2.20E+05
cheng,Fleischer et al 1994,,,,CWSF,1.40E+01,2.1,3.30E+03,0.00206,,,2.09E-03,9.27E+00,5.50E+04
cheng,Fleischer et al 1994,,,,CWSF,8.82E-01,1.5,9.10E+02,0.00495,,,4.96E-03,2.50E+01,6.20E+05
shen,"Fu, 2007",Shanghai,121.5,31.3,wetland,1.6,0.6,0.6,0.135,19,16,,,
shen,"Fu, 2007",Shanghai,121.5,31.3,wetland,1.6,0.6,0.6,0.692,66,28,,,
shen,"Fu, 2007",Shanghai,121.5,31.3,wetland,1.6,0.6,0.6,0.383,45,16,,,
shen,"Fu, 2007",Shanghai,121.5,31.3,wetland,1.6,0.6,0.6,0.135,19,7,,,
shen,"Gao et al., 2007",Yunnan,102.9,24.6,wetland,1,,13965,0.772,53.8,21.5,,,
shen,"Gao et al., 2018",,,,wetland,0.2,0.7,,1.255,23,28.5,,,
shen,"Gao et al., 2018",,,,wetland,0.3,0.7,,1.33,34,28.5,,,
shen,"Gao et al., 2018",,,,wetland,0.4,0.7,,1.391,44,28.5,,,
shen,"Gao et al., 2018",,,,wetland,0.5,0.7,,1.51,53,28.5,,,
shen,"Gao, 2016a",Shaanxi,108.9,34.2,wetland,2,0.08,,0.604,70.1,13.5,,,
shen,"Gao, 2016a",Shaanxi,108.9,34.2,wetland,4,0.08,,0.44,82.8,13.5,,,
shen,"Gao, 2016a",Shaanxi,108.9,34.2,wetland,5,0.08,,0.296,77.2,13.5,,,
shen,"Gao, 2016a",Shaanxi,108.9,34.2,wetland,7,0.1,,0.036,22.2,13.5,,,
shen,"Gao, 2016b",Hubei,112.3,30.3,wetland,2,1,374,0.324,47.7,26.1,,,
cheng,Ghosh and Gopal 2010,India,,,CWUF,1.00E+00,0.61,1.63E+00,0.247,,,2.80E-01,,1.10E+02
cheng,Ghosh and Gopal 2010,India,,,CWUF,2.00E+00,0.61,1.63E+00,0.506,,,8.76E-01,,5.48E+01
cheng,Ghosh and Gopal 2010,India,,,CWUF,3.00E+00,0.61,1.63E+00,0.425,,,8.58E-01,,3.65E+01
cheng,Ghosh and Gopal 2010,India,,,CWUF,4.00E+00,0.61,1.63E+00,0.458,,,1.31E+00,,2.74E+01
shen,"Gong et al., 2016",Hunan,113,28.1,wetland,5.3,1.5,1,0.025,12.5,8,,,
cheng,Greenway  2005,Australia,,,CWSF,1.00E+01,0.5,3.52E+02,0.139,,,3.00E-01,,-9.99E+02
cheng,Greenway  2005,Australia,,,CWSF,1.20E+01,0.5,,0.0578,,,8.33E-02,,-9.99E+02
cheng,Greenway  2005,Australia,,,CWSF,7.00E+00,0.4,,0.217,,,5.10E-01,,-9.99E+02
cheng,Greenway  2005,Australia,,,CWSF,7.00E+00,0.4,,,,,,,-9.99E+02
cheng,Greenway  2005,Australia,,,CWSF,3.00E+00,0.6,,0.0647,,,7.14E-02,,-9.99E+02
cheng,Greenway  2005,Australia,,,CWSF,2.00E+01,,,0.0714,,,1.58E-01,,-9.99E+02
cheng,Greenway  2005,Australia,,,CWSF,3.00E+01,,,0.0768,,,3.00E-01,,-9.99E+02
cheng,Greenway and Woolley  1999,Australia,,,CWSF,3.00E+00,0.3,,0.23,,,3.31E-01,,-9.99E+02
cheng,Greenway and Woolley  1999,Australia,,,CWSF,7.00E+00,0.5,,0.103,,,1.51E-01,,-9.99E+02
cheng,Gumbricht 1992,Sweden,,,CWSF,1.00E+00,0.6,12000,0.267,,,3.07E-01,5.88E+01,2190000
shen,"Guo & Li, 1996",Tianjin,117.3,39.2,wetland,3,,,0.281,57,17.4,,,
shen,"Guo et al., 2010",Henan,113.9,34.8,wetland,0.5,0.3,3,0.466,20.8,20,,,
shen,"Guo et al., 2010",Henan,113.9,34.8,wetland,1,0.3,3,0.367,30.7,20,,,
shen,"Guo et al., 2011",Yunnan,,,wetland,3,1,,0.058,16,15,,,
shen,"Guo et al., 2011",Yunnan,,,wetland,2,1,,0.047,9,15,,,
shen,"Guo et al., 2011",Yunnan,,,wetland,1,1,,0.186,17,15,,,
shen,"Guo et al., 2011",Yunnan,,,wetland,3,0.8,,0.037,10.6,15,,,
shen,"Guo et al., 2011",Yunnan,,,wetland,2,0.8,,0.047,8.9,15,,,
shen,"Guo et al., 2011",Yunnan,,,wetland,1,0.8,,0.082,7.9,15,,,
shen,"Guo et al., 2011",Yunnan,,,wetland,3,1,,0.062,17,15,,,
shen,"Guo et al., 2011",Yunnan,,,wetland,2,1,,0.068,12.8,15,,,
shen,"Guo et al., 2011",Yunnan,,,wetland,1,1,,0.094,9,15,,,
cheng,Ham et al 2010,South Korea,,,CWSF,4.00E+00,0.4,8.80E+03,0.132,,,1.73E-01,4.86E+00,4.00E+05
shen,"Han et al., 2019",,,,wetland,3.3,1.2,1.5,0.36,69.4,26,,,
shen,"Han et al., 2019",,,,wetland,2.8,1.2,1.5,0.439,70.3,16,,,
shen,"Han, 2010",Jiangxi,121.4,31.2,wetland,2,,0.9,0.362,51.5,17.5,,,
shen,"He et al., 2017",Jiangsu,118.8,32,wetland,0.5,0.75,0.3,1.026,40.1,25.9,,,
shen,"He et al., 2017",Jiangsu,118.8,32,wetland,0.5,0.75,0.3,1.125,43,25.9,,,
shen,"He et al., 2018",Hubei,114.4,30.5,wetland,3.5,0.55,48,0.251,58.4,25.3,,,
shen,"He et al., 2018",Hubei,114.4,30.5,wetland,3.5,0.55,48,0.264,60.3,15.9,,,
cheng,Headley et al.  2001,Australia,,,CWUF,3.50E+00,,,0.524,,,1.50E+00,,-9.99E+02
cheng,Healy and Cawley 2002,Ireland,,,CWSF,1.51E+00,0.3,2.80E+02,0.223,,,2.66E-01,1.61E+00,2.04E+04
cheng,Healy and Cawley 2002,Ireland,,,CWSF,4.36E+00,0.8,3.08E+02,0.0279,,,2.97E-02,1.15E+00,2.10E+04
cheng,Healy and Cawley 2002,Ireland,,,CWSF,2.44E+00,0.3,4.70E+02,0.0865,,,9.63E-02,1.02E+00,2.18E+04
shen,"Hu et al., 1996",Hubei,114.9,30.2,wetland,2.5,0.3,100,0.309,53.8,31,,,
shen,"Hua et al., 2017",Hubei,114.4,30.5,wetland,2.5,0.55,24,0.281,50.4,25.8,,,
shen,"Hua et al., 2017",Hubei,114.4,30.5,wetland,2.5,0.55,24,0.265,48.5,25,,,
shen,"Hua et al., 2017",Hubei,114.4,30.5,wetland,2.5,0.55,24,0.214,41.4,22.7,,,
shen,"Hua et al., 2017",Hubei,114.4,30.5,wetland,2.5,0.55,24,0.259,47.7,15.9,,,
shen,"Hua et al., 2017",Hubei,114.4,30.5,wetland,2.5,0.55,24,0.214,41.4,15,,,
shen,"Hua et al., 2017",Hubei,114.4,30.5,wetland,2.5,0.55,24,0.189,37.6,11.9,,,
cheng,Huang et al  2000,USA,,,CWUF,2.60E+00,0.42,3.74E-01,0.156,,,1.92E-01,7.30E-04,5.52E+00
cheng,Huang et al  2000,USA,,,CWUF,3.90E+00,0.42,3.74E-01,0.117,,,1.48E-01,4.87E-04,3.68E+00
cheng,Huang et al  2000,USA,,,CWUF,5.90E+00,0.42,3.74E-01,0.104,,,1.43E-01,3.22E-04,2.43E+00
cheng,Huang et al  2000,USA,,,CWUF,4.00E+00,0.45,1.30E+01,0.155,,,2.14E-01,3.20E-02,2.13E+02
cheng,Huang et al  2000,USA,,,CWUF,8.00E+00,0.45,1.30E+01,0.0991,,,1.51E-01,1.60E-02,1.07E+02
cheng,Huang et al  2000,USA,,,CWUF,1.20E+01,0.45,1.30E+01,0.0937,,,1.73E-01,1.07E-02,7.11E+01
shen,"Huang et al., 2008",Jiangsu,119.9,31.3,wetland,8,0.5,80,0.036,24.8,16.2,,,
shen,"Huang et al., 2008",Jiangsu,119.9,31.3,wetland,8,0.5,80,-0.001,-0.4,5.3,,,
shen,"Huang et al., 2008",Jiangsu,119.9,31.3,wetland,8,0.5,80,0.032,22.7,16.3,,,
shen,"Huang et al., 2008",Jiangsu,119.9,31.3,wetland,8,0.5,80,0.048,32.1,29.6,,,
shen,"Huang et al., 2008",Jiangsu,119.9,31.3,wetland,8,0.5,80,0.02,14.8,16.2,,,
shen,"Huang et al., 2008",Jiangsu,119.9,31.3,wetland,8,0.5,80,0.016,11.8,5.3,,,
shen,"Huang et al., 2008",Jiangsu,119.9,31.3,wetland,8,0.5,80,0.007,5.6,16.3,,,
shen,"Huang et al., 2008",Jiangsu,119.9,31.3,wetland,8,0.5,80,0.011,8.6,29.6,,,
shen,"Huang et al., 2008",Jiangsu,119.9,31.3,wetland,4,0.5,40,0.094,31.3,16.2,,,
shen,"Huang et al., 2008",Jiangsu,119.9,31.3,wetland,4,0.5,40,0.013,5.1,5.3,,,
shen,"Huang et al., 2008",Jiangsu,119.9,31.3,wetland,4,0.5,40,0.081,27.7,16.3,,,
shen,"Huang et al., 2008",Jiangsu,119.9,31.3,wetland,4,0.5,40,0.119,37.8,29.6,,,
shen,"Huang, 2004",Jiangsu,118.8,32.1,wetland,3,0.45,3.3,0.048,13.5,9.5,,,
shen,"Huang, 2004",Jiangsu,118.8,32.1,wetland,3,0.45,3.3,0.135,33.4,12,,,
shen,"Huang, 2004",Jiangsu,118.8,32.1,wetland,3,0.45,3.3,0.166,39.3,25,,,
shen,"Huang, 2004",Jiangsu,118.8,32.1,wetland,5,0.45,3.3,0.071,30,9.5,,,
shen,"Huang, 2004",Jiangsu,118.8,32.1,wetland,5,0.45,3.3,0.127,47,12,,,
shen,"Huang, 2004",Jiangsu,118.8,32.1,wetland,5,0.45,3.3,0.255,72,25,,,
shen,"Huang, 2019a",Guangdong,113.6,23.2,wetland,6,,,0.154,60.4,24,,,
shen,"Huang, 2019a",Guangdong,113.6,23.2,wetland,6,,,0.319,85.3,24,,,
shen,"Huang, 2019b",Jiangxi,115.9,28.7,wetland,1,0.3,1.44,0.549,42.2,3.4,,,
shen,"Huang, 2019b",Jiangxi,115.9,28.7,wetland,2,0.3,1.44,0.383,53.5,15.2,,,
shen,"Huang, 2019b",Jiangxi,115.9,28.7,wetland,3,0.3,1.44,0.34,64,9.3,,,
shen,"Huang, 2019b",Jiangxi,115.9,28.7,wetland,4,0.3,1.44,0.308,70.8,11,,,
shen,"Huang, 2019b",Jiangxi,115.9,28.7,wetland,5,0.3,1.44,0.284,75.9,14.2,,,
cheng,Hunt et al 1999,USA,,,CWSF,1.71E+01,1.1,3.30E+04,0.00921,,,9.97E-03,2.75E+01,6.60E+05
cheng,Hunt et al 1999,,,,CWSF,1.43E+01,1.1,3.30E+04,0.00514,,,5.34E-03,5.34E+01,7.70E+05
cheng,Hunt et al 1999,,,,CWSF,1.37E+01,1.1,3.30E+04,0.0116,,,1.26E-02,4.35E+01,7.70E+05
cheng,Hunt et al 1999,,,,CWSF,7.60E+00,1.1,3.30E+04,0.121,,,1.97E-01,2.65E+01,1.40E+06
cheng,Hunt et al 1999,,,,CWSF,4.83E+00,1.1,3.30E+04,0.257,,,5.09E-01,1.66E+01,2.40E+06
cheng,Hunt et al 1999,,,,CWSF,4.61E+00,1.1,3.30E+04,0.0837,,,1.02E-01,2.59E+01,2.30E+06
cheng,Hunt et al 1999,,,,CWSF,9.70E+00,1.1,3.30E+04,0.0784,,,1.18E-01,2.44E+01,1.10E+06
cheng,Hunt et al 1999,,,,CWSF,1.56E+01,1.1,3.30E+04,0.0691,,,1.24E-01,1.50E+01,7.10E+05
cheng,Hunt et al 1999,,,,CWSF,8.49E+00,1.1,3.30E+04,0.074,,,1.03E-01,3.56E+01,1.60E+06
cheng,Hunt et al 1999,,,,CWSF,8.93E+00,1.1,3.30E+04,0.126,,,2.33E-01,1.11E+01,1.30E+06
cheng,Hunt et al 1999,,,,CWSF,1.27E+01,1.1,3.30E+04,0.0962,,,1.89E-01,1.36E+01,8.30E+05
cheng,Hunt et al 1999,,,,CWSF,4.44E+00,1.1,3.30E+04,0.156,,,2.25E-01,1.52E+01,2.40E+06
shen,"Hussain, 2019",Jiangsu,118.8,32.1,wetland,1.5,,0.69,1.28,85.3,23.5,,,
shen,"Hussain, 2019",Jiangsu,118.8,32.1,wetland,1.5,,0.69,0.645,62,18.9,,,
shen,"Ji, 2010",Shanghai,121.5,31.7,wetland,3,0.4,0.5,0.18,41.7,23.5,,,
shen,"Jia et al., 2021",Yunnan,102.9,25.1,wetland,1.5,,,0.695,64.8,13.4,,,
shen,"Jia et al., 2021",Yunnan,102.9,25.1,wetland,1.5,,,0.504,53.1,13.4,,,
shen,"Jia, 2013",Shanxi,112.5,37.9,wetland,1.3,0.52,72,1.022,72.1,10,,,
shen,"Jiang, 2006",Shandong,116.8,36.7,wetland,1.5,0.18,9.3,0.229,29,27,,,
shen,"Jiang, 2006",Shandong,116.8,36.7,wetland,1.5,0.18,9.3,0.162,21.6,17,,,
shen,"Jiang, 2006",Shandong,116.8,36.7,wetland,1.5,0.18,9.3,0.105,14.6,9,,,
shen,"Jiang, 2006",Shandong,116.8,36.7,wetland,6,0.15,93.39,0.137,56.2,22.3,,,
cheng,Jordan et al 2003,USA,,,CWSF,1.90E+01,0.2,1.30E+04,0.0252,,,3.23E-02,4.22E-01,4.20E+04
cheng,Jordan et al 2003,,,,CWSF,1.20E+01,0.2,1.30E+04,,,,,,8.30E+04
shen,"Ju, 2007",Tianjin,117.7,39,wetland,15,1.2,182000,0.125,84.6,26.9,,,
cheng,Kadlec  2008,USA,,,CWSF,4.07E+00,0.49,1.34E+04,0.237,,,3.99E-01,7.51E+00,4.49E+05
cheng,Kadlec  2008,USA,,,CWSF,4.72E+00,0.46,1.34E+04,0.146,,,2.09E-01,9.86E+00,4.81E+05
cheng,Kadlec  2008,USA,,,CWSF,4.24E+00,0.49,1.28E+04,0.255,,,4.60E-01,4.45E+00,2.60E+05
cheng,Kadlec  2008,USA,,,CWSF,6.09E+00,0.51,1.28E+04,0.208,,,4.17E-01,1.08E+01,4.20E+05
cheng,Kadlec  2008,USA,,,CWSF,3.60E+00,0.44,9.20E+03,0.0883,,,1.04E-01,1.39E+01,1.03E+06
cheng,Kadlec  2008,USA,,,CWSF,1.45E+00,0.7,9.20E+03,0.559,,,8.61E-01,4.02E+01,1.68E+06
cheng,Kadlec  2008,USA,,,CWSF,3.42E+00,0.43,7.80E+03,0.0416,,,4.47E-02,7.11E+00,4.52E+05
cheng,Kadlec  2008,USA,,,CWSF,2.44E+00,0.52,7.80E+03,0.42,,,7.32E-01,1.46E+01,6.25E+05
shen,"Kang et al., 2019",Jiangsu,,,wetland,6,1,6,0.166,63,18.5,,,
shen,"Kang et al., 2019",Jiangsu,,,wetland,6,1,3,0.116,50.1,6,,,
shen,"Kang, 2007",Sichuan,104.7,31.5,wetland,2,,1.5,0.649,72.7,24,,,
shen,"Kang, 2007",Sichuan,104.7,31.5,wetland,2,,1.5,0.212,34.6,10,,,
shen,"Kang, 2007",Sichuan,104.7,31.5,wetland,2,,1.5,0.951,85.1,24,,,
shen,"Kang, 2007",Sichuan,104.7,31.5,wetland,2,,1.5,0.31,46.2,10,,,
cheng,Knox 2008,USA,,,NWSF,3.75E-02,0.6,2.00E+03,15.9,,,2.18E+01,,-9.99E+02
cheng,Knox 2008,USA,,,NWSF,1.74E-02,0.6,2.00E+03,,,,,,-9.99E+02
shen,"Kong, 2018",Chongqing,107.9,29.1,wetland,0.7,,394,0.333,21.6,18.2,,,
cheng,Korkusuz  2005,Turkey,,,CWUF,6.00E+00,0.6,3.00E+01,0.104,,,1.45E-01,1.04E-01,1.10E+03
cheng,Korkusuz  2005,Turkey,,,CWUF,6.00E+00,0.6,3.00E+01,0.0845,,,1.10E-01,1.04E-01,1.10E+03
cheng,Koskiaho et al  2003,Finland,,,CWSF,1.63E+00,2,6.00E+03,0.276,,,3.48E-01,1.28E+00,-9.99E+02
cheng,Koskiaho et al  2003,Finland,,,CWSF,2.50E-01,1.5,4.50E+03,,,,,,4.82E+06
cheng,Koskiaho et al  2003,Finland,,,CWSF,2.40E+01,,6.00E+05,0.00486,,,5.15E-03,8.52E+01,-9.99E+02
cheng,Kotti  2010,Greece,,,CWSF,6.00E+00,0.45,2.89E+00,0.12,,,1.76E-01,,-9.99E+02
cheng,Kotti  2010,Greece,,,CWSF,8.00E+00,0.45,2.89E+00,0.0866,,,1.25E-01,,-9.99E+02
cheng,Kotti  2010,Greece,,,CWSF,1.40E+01,0.45,2.89E+00,0.0818,,,1.53E-01,,-9.99E+02
cheng,Kotti  2010,Greece,,,CWSF,2.00E+01,0.45,2.89E+00,0.0624,,,1.24E-01,,-9.99E+02
cheng,Kouki et al.  2009,Tunisia,,,CWUF,2.00E+00,1.5,121,0.28,,,3.76E-01,5.58E+00,9937.125
cheng,Kouki et al.  2009,Norway,,,CWUF,3.00E+01,,,0.0253,,,3.78E-02,1.92E+01,43800
cheng,Kouki et al.  2009,Norway,,,CWUF,5.00E+00,0.9,325,0.062,,,7.27E-02,4.50E+00,21900
cheng,Kovaic et al  2000,USA,,,CWSF,3.50E+01,0.9,6.00E+03,0.0108,,,1.31E-02,1.04E+00,1.40E+04
cheng,Kovaic et al  2000,USA,,,CWSF,8.00E+00,0.9,6.00E+03,0.0507,,,6.25E-02,2.36E+00,3.80E+04
cheng,Kovaic et al  2000,USA,,,CWSF,1.90E+01,0.9,6.00E+03,0.039,,,5.79E-02,2.13E+00,2.80E+04
cheng,Kovaic et al  2000,USA,,,CWSF,1.70E+01,0.4,3.00E+03,0.0261,,,3.29E-02,2.90E-01,7.20E+03
cheng,Kovaic et al  2000,USA,,,CWSF,1.40E+01,0.4,3.00E+03,0.0426,,,5.83E-02,6.52E-01,1.00E+04
cheng,Kovaic et al  2000,USA,,,CWSF,1.10E+01,0.4,3.00E+03,0.0589,,,8.30E-02,4.19E-01,7.20E+03
cheng,Kovaic et al  2000,USA,,,CWSF,2.60E+01,0.7,8.00E+03,0.0162,,,2.01E-02,1.41E+00,4.00E+04
cheng,Kovaic et al  2000,USA,,,CWSF,1.30E+01,0.7,8.00E+03,0.0304,,,3.73E-02,2.75E+00,9.90E+04
cheng,Kovaic et al  2000,USA,,,CWSF,1.10E+01,0.7,8.00E+03,0.028,,,3.28E-02,1.67E+00,7.60E+04
cheng,Kovavic et al 2006,USA,,,CWSF,5.30E+01,0.48,1.60E+03,0.0105,,,1.41E-02,1.37E-01,4.10E+03
cheng,Kovavic et al 2006,,,,CWSF,2.97E+01,0.48,1.60E+03,0.0143,,,1.79E-02,2.31E-01,6.60E+03
cheng,Kovavic et al 2006,,,,CWSF,3.17E+01,0.52,4.00E+03,0.0127,,,1.57E-02,9.93E-01,1.80E+04
cheng,Kovavic et al 2006,,,,CWSF,2.04E+01,0.52,4.00E+03,0.0297,,,4.08E-02,1.12E+00,2.60E+04
shen,"Kuang et al., 2007",Hubei,114.4,30.6,wetland,2,0.6,1,0.241,38.3,23,,,
shen,"Kumwimba et al., 2021",Sichuan,105.5,31.3,wetland,0.2,,,7.449,67.3,19.3,,,
shen,"Kumwimba et al., 2021",Sichuan,105.5,31.3,wetland,0.2,,,6.806,64,28.1,,,
shen,"Kumwimba et al., 2021",Sichuan,105.5,31.3,wetland,0.2,,,5.812,58.2,18.6,,,
shen,"Kumwimba et al., 2021",Sichuan,105.5,31.3,wetland,0.2,,,4.033,45.4,8.3,,,
cheng,Kyambadde et al  2005,Uganda,,,CWSUF,2.71E+00,,7.50E+00,0.496,,,1.05E+00,2.68E-02,3.15E+02
cheng,Kyambadde et al  2005,Uganda,,,CWSUF,2.71E+00,,7.50E+00,0.348,,,5.79E-01,2.68E-02,3.15E+02
cheng,Kyambadde et al  2005,Uganda,,,CWSUF,2.71E+00,,7.50E+00,0.289,,,4.39E-01,2.68E-02,3.15E+02
cheng,Lansing and Martin 2006,USA,,,CWUF,1.00E+01,,,,,,,,3.95E+02
cheng,Larson et al 2000,USA,,,CWSF,7.04E+01,,6.00E+03,0.0131,,,2.15E-02,2.13E+00,4.20E+04
cheng,Larson et al 2000,,,,CWSF,2.50E+01,,7.80E+02,0.0147,,,1.78E-02,1.68E+00,7.90E+04
cheng,Lee et al  2003,Taiwan,,,CWUF,8.50E+00,0.65,3.11E+01,0.0323,,,3.72E-02,3.88E-01,6.81E+02
cheng,Lee et al  2003,Taiwan,,,CWUF,4.30E+00,0.65,3.11E+01,0.0236,,,2.48E-02,8.13E-01,1.36E+03
cheng,Lee et al  2003,Taiwan,,,CWUF,1.47E+01,0.65,3.11E+01,0.0152,,,1.70E-02,2.18E-01,3.97E+02
shen,"Lee et al., 2004",Taiwan,120.5,22.7,wetland,8.5,0.65,31.08,0.032,24,25,,,
shen,"Lee et al., 2004",Taiwan,120.5,22.7,wetland,4.3,0.65,31.08,0.024,9.6,22,,,
shen,"Lee et al., 2004",Taiwan,120.5,22.7,wetland,14.7,0.65,31.08,0.015,20,24,,,
cheng,Leonardson et al 1994,Sweden,,,NWUF,4.45E+01,3,6.00E+04,0,,,0.00E+00,7.89E+00,1.48E+06
cheng,Leonardson et al 1994,Sweden,,,NWUF,2.94E+01,3,5.00E+04,0.00466,,,5.00E-03,9.62E+00,1.86E+06
cheng,Leonardson et al 1994,Sweden,,,NWUF,2.61E+01,0.6,4.00E+04,0.00699,,,7.67E-03,2.96E+00,3.36E+05
shen,"Li and Guo, 2017",Heilongjiang,132.3,45.4,wetland,2,0.33,,0.799,79.8,19.5,,,
shen,"Li and Guo, 2017",Heilongjiang,132.3,45.4,wetland,4,0.33,,0.483,85.5,19.5,,,
shen,"Li et al., 2003a",Hubei,116.4,40,wetland,1,0.6,6,0.493,38.9,6.5,,,
shen,"Li et al., 2003a",Hubei,116.4,40,wetland,1,0.6,6,0.871,58.2,22,,,
shen,"Li et al., 2003b",Yunnan,102.7,25,wetland,1.1,,6,0.533,45.1,22,,,
shen,"Li et al., 2005",,,,wetland,1,0.6,6,0.868,58,,,,
shen,"Li et al., 2005",,,,wetland,1,0.15,6,0.511,40,,,,
shen,"Li et al., 2005",,,,wetland,1,0.6,6,0.371,31,,,,
shen,"Li et al., 2008",Zhejiang,120.7,30.1,wetland,26.3,1.35,12500,0.017,36,20,,,
shen,"Li et al., 2008",Shandong,117,36.7,wetland,1.5,,0.25,0.459,49.8,27,,,
shen,"Li et al., 2012",Guizhou,106.5,26.7,wetland,2.2,4.5,540,0.175,32,18.9,,,
shen,"Li et al., 2016",Shanxi,112.5,38,wetland,5.2,1.08,3000,0.061,27,23,,,
shen,"Li et al., 2016a",Jilin,125.4,44,wetland,2,0.4,0.5,0.367,52,,,,
shen,"Li et al., 2016b",Jiangsu,121,31.3,wetland,4,0.03,20,0.27,66,31.5,,,
shen,"Li et al., 2016b",Jiangsu,121,31.3,wetland,4,0.03,20,0.172,49.7,31.5,,,
shen,"Li et al., 2016c",Jilin,125.4,43.8,wetland,2,0.35,0.24,0.131,23,,,,
shen,"Li et al., 2019",Shandong,117.1,36.7,wetland,7,0.5,,0.194,74.3,4.9,,,
shen,"Li et al., 2019",Shandong,117.1,36.7,wetland,3,0.5,,0.707,88,19.4,,,
shen,"Li et al., 2021a",Yunnan,100.1,25.9,wetland,5.2,,,0.212,67.1,18.3,,,
shen,"Li et al., 2021a",Yunnan,100.1,25.9,wetland,7.7,,,0.13,63.3,14.6,,,
shen,"Li et al., 2021a",Yunnan,100.1,25.9,wetland,3.1,,,0.275,57.4,22.1,,,
shen,"Li et al., 2021a",Yunnan,100.2,25.7,wetland,23.5,,,0.064,77.5,19.5,,,
shen,"Li et al., 2021a",Yunnan,100.2,25.7,wetland,23.7,,,0.023,42.3,14.7,,,
shen,"Li et al., 2021a",Yunnan,100.2,25.7,wetland,8.7,,,0.054,37.3,22.6,,,
shen,"Li et al., 2021a",Yunnan,100.3,25.6,wetland,43.6,,,0.022,61.4,20.3,,,
shen,"Li et al., 2021a",Yunnan,100.3,25.6,wetland,359.4,,,0.002,58.7,16.5,,,
shen,"Li et al., 2021a",Yunnan,100.3,25.6,wetland,8,,,0.105,56.7,22.1,,,
shen,"Li et al., 2021b",,,,wetland,1.5,,0.48,0.627,60.9,,,,
shen,"Li, 2008",Jiangxi,115.9,28.7,wetland,4,0.5,24.3,0.229,60,25,,,
shen,"Li, 2008",Jiangxi,115.9,28.7,wetland,5,0.5,24.3,0.222,67,25,,,
shen,"Li, 2008",Jiangxi,115.9,28.7,wetland,6,0.5,24.3,0.238,76,25,,,
shen,"Li, 2014",Shandong,117.1,36.7,wetland,7,1.5,100,0.095,48.7,28.5,,,
shen,"Li, 2016",Chongqing,106.6,29.7,wetland,0.9,1.2,,0.798,51.2,12.4,,,
shen,"Li, 2017",Jiangsu,121,31.4,wetland,5,0.4,1140,0.074,31,25,,,
shen,"Li, 2017",Jiangsu,121,31.4,wetland,7,0.4,1140,0.057,33,25,,,
shen,"Li, 2017",Jiangsu,121,31.4,wetland,5,0.4,1140,0.045,20,15,,,
shen,"Li, 2017",Jiangsu,121,31.4,wetland,7,0.4,1140,0.028,18,15,,,
shen,"Li, 2020a",Yunnan,100.2,25.7,wetland,17.2,1.61,,0.035,45.5,21.1,,,
shen,"Li, 2020a",Yunnan,100.2,25.7,wetland,128.6,1.27,,0.006,55.6,17.1,,,
shen,"Li, 2020a",Yunnan,100.2,25.7,wetland,188.7,1.09,,0.005,60.2,11.6,,,
shen,"Li, 2020a",Yunnan,100.2,25.7,wetland,80.8,0.61,4512.15,0.013,63.9,16.5,,,
shen,"Li, 2020a",Yunnan,100.2,25.7,wetland,64.1,1.29,5282.5,0.01,47,16.5,,,
shen,"Li, 2020a",Yunnan,100.2,25.7,wetland,30.3,1.93,10252.8,0.019,44.5,16.5,,,
shen,"Li, 2020a",Yunnan,100.2,25.7,wetland,62.5,1.77,6715.2,0.008,40.5,16.5,,,
shen,"Liang et al., 2017",Fujian,118.3,25.3,wetland,7,0.8,10,0.064,36.2,14.5,,,
shen,"Liang et al., 2020",Shandong,,,wetland,8,0.7,15,0.099,54.7,3.5,,,
shen,"Liang, 2012",Shandong,120.1,36.4,wetland,15,2.5,1749,0.108,80.1,25,,,
shen,"Liao and Luo, 2002",Guangdong,113.4,23.2,wetland,2,0.8,0.5,0.081,14.9,22.6,,,
shen,"Liao and Luo, 2002",Guangdong,113.4,23.2,wetland,3,0.8,0.5,0.075,20.2,22.6,,,
shen,"Liao and Luo, 2002",Guangdong,113.4,23.2,wetland,5,0.8,0.5,0.071,29.7,22.6,,,
cheng,Lin et al  2008,Taiwan,,,CWSF,8.40E+00,,,-0.0846,,,-6.05E-02,1.62E-04,6.60E+01
cheng,Lin et al  2008,,,,CWSF,6.50E+00,,,0.238,,,5.67E-01,1.97E-03,8.40E+01
cheng,Lin et al  2008,,,,CWSF,4.40E+00,,,0.66,,,3.92E+00,1.96E-03,1.20E+02
cheng,Lin et al  2008,,,,CWSF,2.20E+00,,,1.54,,,1.30E+01,5.70E-03,2.50E+02
cheng,Lin et al  2008,,,,CWSF,1.10E+00,,,2.55,,,1.41E+01,1.75E-02,4.90E+02
cheng,Lin et al  2008,Taiwan,,,CWUF,8.08E+00,0.4,5.00E+00,,,,,,3.61E+01
cheng,Lin et al  2008,Taiwan,,,CWUF,5.97E+00,0.4,5.00E+00,,,,,,5.11E-01
cheng,Lin et al  2008,Taiwan,,,CWUF,3.64E+00,0.4,5.00E+00,,,,,,8.03E+01
cheng,Lin et al  2008,Taiwan,,,CWUF,1.38E+00,0.4,5.00E+00,,,,,,2.12E+02
cheng,Lin et al  2008,Taiwan,,,CWUF,2.39E+00,0.4,5.00E+00,,,,,,1.22E+02
cheng,Lin et al  2008,Taiwan,,,CWUF,6.00E-01,0.4,5.00E+00,,,,,,4.87E+02
shen,"Lin, 2012",Yunnan,102.7,25,wetland,3,0.3,20,0.314,61,19.5,,,
shen,"Lin, 2012",Yunnan,102.7,25,wetland,3,0.6,20,0.331,63,19.5,,,
shen,"Liu and Liu, 2010",,,,wetland,2.4,0.6,,0.392,61,18,,,
shen,"Liu et al., 2002",Yunnan,102.7,25,wetland,1,0.7,6,0.874,58.3,19,,,
shen,"Liu et al., 2007",Guangdong,113.4,23.2,wetland,5,0.9,3,0.178,59,30.5,,,
shen,"Liu et al., 2007",Guangdong,113.4,23.2,wetland,5,0.9,3,0.277,75,25.5,,,
shen,"Liu et al., 2007",Guangdong,113.4,23.2,wetland,5,0.9,3,0.143,51,16,,,
shen,"Liu et al., 2007",Guangdong,113.4,23.2,wetland,5,0.9,3,0.461,90,24,,,
shen,"Liu et al., 2011",Heilongjiang,133.5,47.6,wetland,1,0.5,,0.528,41,21.5,,,
shen,"Liu et al., 2011",Heilongjiang,133.5,47.6,wetland,4,0.5,,0.205,56,21.5,,,
shen,"Liu et al., 2011",Heilongjiang,133.5,47.6,wetland,7,0.5,,0.154,66,21.5,,,
shen,"Liu et al., 2016",Shanghai,121.5,31.2,wetland,1,0.8,,0.448,36.1,23.9,,,
shen,"Liu et al., 2016",Shanghai,121.5,31.2,wetland,4,0.8,,0.182,51.8,23.9,,,
shen,"Liu et al., 2016",Shanghai,121.5,31.2,wetland,1,0.8,,0.371,31,23.9,,,
shen,"Liu et al., 2016",Shanghai,121.5,31.2,wetland,4,0.8,,0.21,56.9,23.9,,,
shen,"Liu, 2004",Hebei,115.8,39,wetland,3,0.4,4,0.476,76,26.5,,,
shen,"Liu, 2006",Yunnan,103,24.6,wetland,1,0.35,,0.868,58,22,,,
shen,"Liu, 2007",Hunan,113,28.1,wetland,2.8,1.2,1057.4,0.389,66.3,22.8,,,
shen,"Liu, 2011b",Guangdong,,,wetland,8.3,,,0.065,41.6,26,,,
shen,"Liu, 2011b",Guangdong,,,wetland,5,,,0.027,12.7,26,,,
shen,"Liu, 2011c",Jiangxi,115.8,28.8,wetland,20,,,0.039,54.3,23.2,,,
shen,"Liu, 2014",Jiangsu,120,31.6,wetland,10,,2325,0.058,44.1,25,,,
shen,"Liu, 2015",Tianjin,,,wetland,5.4,1,1200000,0.207,67.2,27.4,,,
shen,"Liu, 2019",Beijing,116.3,40,wetland,2,,0.25,0.274,42.1,12,,,
shen,"Liu, 2019",Beijing,116.3,40,wetland,2,,0.25,0.055,10.4,1.5,,,
shen,"Liu, 2019",Beijing,116.3,40,wetland,1,,0.25,0.085,8.1,1.5,,,
shen,"Liu, 2020",Shanghai,121.4,31,wetland,3,0.25,0.3,0.246,52.2,18.5,,,
shen,"Liu, 2020",Shanghai,121.4,31,wetland,3,0.45,0.3,0.269,55.4,18.5,,,
shen,"Liu, 2020",Shanghai,121.4,31,wetland,3,0.65,0.3,0.201,45.3,18.5,,,
shen,"Liu, 2020",Shanghai,121.4,31,wetland,1,0.45,0.3,0.442,35.7,18.5,,,
cheng,Lu et al 2008,China,,,CWSF,2.00E+00,,2.80E+03,,,,,,-9.99E+02
cheng,Lu et al 2008,China,,,CWSF,1.70E+00,,2.80E+03,,,,,,-9.99E+02
cheng,Lu et al 2008,China,,,CWSF,2.20E+00,,2.80E+03,,,,,,-9.99E+02
cheng,Lu et al 2008,China,,,CWSF,3.80E+00,,2.80E+03,,,,,,-9.99E+02
cheng,Lu et al 2008,Taiwan,,,CWSF,7.98E+00,0.5,5.00E+00,,,,,,3.43E+01
cheng,Lu et al 2008,Taiwan,,,CWSF,6.00E+00,0.5,5.00E+00,,,,,,4.56E+01
cheng,Lu et al 2008,Taiwan,,,CWSF,3.87E+00,0.5,5.00E+00,,,,,,7.08E+01
cheng,Lu et al 2008,Taiwan,,,CWSF,1.28E+00,0.5,5.00E+00,,,,,,2.14E+02
cheng,Lu et al 2008,Taiwan,,,CWSF,2.51E+00,0.5,5.00E+00,,,,,,1.09E+02
cheng,Lu et al 2008,Taiwan,,,CWSF,6.00E-01,0.5,5.00E+00,,,,,,4.56E+02
shen,"Lu et al., 2006",Yunnan,102.8,24.8,wetland,4.2,0.24,2800,0.503,88.1,14.4,,,
shen,"Lu et al., 2008",Yunnan,102.8,24.8,wetland,4.4,0.2,3140,0.196,57.9,12.6,,,
shen,"Lu et al., 2008",Yunnan,102.8,24.8,wetland,5.4,0.2,3140,0.162,58.3,16.5,,,
shen,"Lu et al., 2018",Jiangsu,118.8,32,wetland,0.7,1,27.45,0.956,46.3,23.6,,,
shen,"Lu et al., 2018",Jiangsu,118.8,32,wetland,0.7,1,26,0.503,30.4,23.6,,,
cheng,Luederitz et al  2001,Germany,,,CWSF,4.00E+01,0.8,3.00E+02,0.029,,,5.46E-02,4.95E-01,2.19E+03
cheng,Luederitz et al  2001,Germany,,,CWSF,2.17E+01,0.95,800,0.0301,,,4.25E-02,4.42E+00,12775
shen,"Luo, 2005",Jiangsu,118.8,32.1,wetland,3,0.8,3,0.043,12,18,,,
shen,"Luo, 2005",Jiangsu,118.8,32.1,wetland,3,0.8,3,0.066,18,28,,,
shen,"Luo, 2005",Jiangsu,118.8,32.1,wetland,3,0.8,3,0.046,13,18,,,
shen,"Luo, 2005",Jiangsu,118.8,32.1,wetland,3,0.8,3,0.046,13,16,,,
shen,"Luo, 2005",Jiangsu,118.8,32.1,wetland,4,0.8,3,0.082,28,18,,,
shen,"Luo, 2005",Jiangsu,118.8,32.1,wetland,4,0.8,3,0.069,24,28,,,
shen,"Luo, 2005",Jiangsu,118.8,32.1,wetland,4,0.8,3,0.062,22,18,,,
shen,"Luo, 2005",Jiangsu,118.8,32.1,wetland,4,0.8,3,0.108,35,16,,,
shen,"Luo, 2017",Henan,113.8,34.8,wetland,4.1,0.51,407.4,0.087,30.2,26.6,,,
shen,"Luo, 2017",Henan,113.8,34.8,wetland,4.1,0.51,407.4,0.055,20.4,16.2,,,
shen,"Lv, 2020",Inner Mongolia,109.9,40.6,wetland,1,0.7,12.75,0.409,33.6,22.8,,,
shen,"Lv, 2020",Inner Mongolia,109.9,40.6,wetland,2,0.7,12.75,0.243,38.5,22.8,,,
shen,"Lv, 2020",Inner Mongolia,109.9,40.6,wetland,3,0.7,12.75,0.097,25.3,22.8,,,
shen,"Ma et al., 2005",Beijing,116.3,39.9,wetland,5,0.3,8,0.08,32.9,27.5,,,
shen,"Ma et al., 2005",Beijing,116.3,39.9,wetland,9,0.3,8,0.092,56.1,27.5,,,
shen,"Ma et al., 2022",Hubei,112.9,30.8,wetland,1.3,0.2,1.5,1.049,74.4,15,,,
shen,"Ma et al., 2022",Hubei,112.9,30.8,wetland,1.3,0.4,1.5,0.928,70.1,15,,,
shen,"Ma et al., 2022",Hubei,112.9,30.8,wetland,1.3,0.6,1.5,0.95,70.9,15,,,
shen,"Ma, 2006",Beijing,116.3,39.9,wetland,8,0.45,8,0.114,59.8,30,,,
shen,"Ma, 2006",Beijing,116.3,39.9,wetland,8,0.45,8,0.086,49.7,20,,,
shen,"Ma, 2007",Beijing,116.8,40.2,wetland,3,0.35,1400,0.224,49,26,,,
shen,"Ma, 2018",Shanghai,121.9,30.9,wetland,4,0.36,10,0.167,48.8,34,,,
shen,"Ma, 2020",Jiangsu,117.2,34.2,wetland,0.8,,0.58,0.321,22.6,3.2,,,
shen,"Ma, 2020",Jiangsu,117.2,34.2,wetland,0.8,,0.58,1.039,56.4,20,,,
shen,"Ma, 2020",Jiangsu,117.2,34.2,wetland,0.8,,0.58,0.772,46.1,28.3,,,
shen,"Ma, 2020",Jiangsu,117.2,34.2,wetland,0.9,,0.58,0.448,33.2,3.2,,,
shen,"Ma, 2020",Jiangsu,117.2,34.2,wetland,0.9,,0.58,1.532,74.8,20,,,
shen,"Ma, 2020",Jiangsu,117.2,34.2,wetland,0.9,,0.58,1.701,78.4,28.3,,,
shen,"Ma, 2020",Jiangsu,117.2,34.2,wetland,1,,0.7,0.594,44.8,3.2,,,
shen,"Ma, 2020",Jiangsu,117.2,34.2,wetland,1,,0.7,1.118,67.3,20,,,
shen,"Ma, 2020",Jiangsu,117.2,34.2,wetland,1,,0.7,2.324,90.2,28.3,,,
cheng,Maehlum 1995,Norway,,,CWSF,3.00E+00,,400,0.0299,,,3.13E-02,2.10E+01,43800
cheng,Maehlum 1995,Norway,,,CWSF,2.00E+00,,2000,0.394,,,6.00E-01,6.60E+00,43800
shen,"Mahmood et al., 2016",Shanghai,121.2,30.8,wetland,1,0.81,634.5,0.69,49.9,22.3,,,
cheng,Mantovi et al  2003,Italy,,,CWUF,1.00E+01,1,7.20E+01,0.0664,,,9.43E-02,4.08E-01,2.30E+03
cheng,Masi et al  2006,Italy,,,CWUF,3.00E+00,0.8,3.40E+02,0.309,,,5.08E-01,3.63E-03,2.50E+01
cheng,Meuleman et al 2002,Netherlands,,,CWUF,5.00E+00,,1.00E+04,,,,,,-1.00E+03
cheng,Mhlum  1999,Norway,,,CWUF,1.40E+01,0.9,1.06E+02,0.075,,,1.33E-01,,7.30E+02
cheng,Mhlum  1999,Norway,,,CWUF,1.40E+01,0.75,1.35E+02,0.071,,,1.22E-01,,7.30E+02
cheng,Mhlum  1999,Norway,,,CWUF,1.40E+01,0.75,1.35E+02,0.122,,,3.21E-01,,7.30E+02
cheng,Moustafa 1996,USA,,,CWSF,1.80E+01,0.38,480000,0.0209,,,2.53E-02,2.07E+01,3698666.667
cheng,NADB 1217 6,,,,CWSF,2.80E+00,,1.20E+05,,,,,,0.00E+00
cheng,NADB 1469 11,,,,CWSF,1.61E+02,,2.10E+05,0.0167,,,8.57E-02,2.95E+01,5.00E+05
cheng,NADB 1838 13,,,,CWSF,3.00E+01,,4.90E+06,0.0455,,,9.71E-02,1.31E+02,1.30E+07
cheng,NADB 1989 18,,,,CWSF,1.07E+01,0.229,5.10E+04,0.00181,,,1.83E-03,1.14E+01,5.80E+05
cheng,NADB 2085 21,,,,CWSF,8.00E+00,1,3.30E+05,,,,,,2.70E+06
cheng,NADB 2099 22,,,,CWSF,6.23E+01,0.171666667,2.80E+05,0.0362,,,1.37E-01,1.12E+01,4.00E+05
cheng,NADB 2102 22,,,,CWSF,1.18E+02,0.149416667,2.80E+05,0.0193,,,7.37E-02,9.81E+00,2.40E+05
cheng,NADB 2116 22,,,,CWSF,4.99E+01,0.174,2.80E+05,0.054,,,2.76E-01,1.74E+01,4.20E+05
cheng,NADB 2117 22,,,,CWSF,6.84E+01,0.164,2.80E+05,0.0321,,,1.16E-01,1.02E+01,2.70E+05
cheng,NADB 2119 22,,,,CWSF,5.84E+01,0.102333333,2.80E+05,0.0239,,,5.19E-02,9.41E+00,3.20E+05
cheng,NADB 2120 22,,,,CWSF,7.32E+01,0.1255,2.80E+05,0.0311,,,1.20E-01,1.19E+01,2.90E+05
cheng,NADB 2134 22,,,,CWSF,4.78E+01,0.169,2.80E+05,0.0491,,,1.98E-01,1.86E+01,4.50E+05
cheng,NADB 2137 22,,,,CWSF,7.05E+01,0.153083333,2.80E+05,0.033,,,1.31E-01,1.84E+01,2.80E+05
cheng,NADB 2150 22,,,,CWSF,6.00E+01,0.183,2.80E+05,0.0421,,,1.92E-01,2.48E+01,2.90E+05
cheng,NADB 2151 22,,,,CWSF,6.49E+01,0.17,2.80E+05,0.0379,,,1.65E-01,2.19E+01,2.50E+05
cheng,NADB 2154 22,,,,CWSF,7.59E+01,0.16275,2.80E+05,0.0423,,,3.13E-01,1.93E+01,2.20E+05
cheng,NADB 2167 22,,,,CWSF,3.96E+01,0.182,2.80E+05,0.0794,,,5.61E-01,3.10E+01,4.90E+05
cheng,NADB 2168 22,,,,CWSF,2.57E+01,0.188,2.80E+05,0.0714,,,2.05E-01,3.73E+01,6.40E+05
cheng,NADB 2169 22,,,,CWSF,3.93E+01,0.182666667,2.80E+05,0.0522,,,1.73E-01,2.70E+01,6.70E+05
cheng,NADB 2170 22,,,,CWSF,3.51E+01,0.217,2.80E+05,0.0504,,,1.39E-01,2.53E+01,4.80E+05
cheng,NADB 2171 22,,,,CWSF,3.39E+01,0.195916667,2.80E+05,0.0599,,,1.95E-01,3.10E+01,5.80E+05
cheng,NADB 2195 26,,,,CWSF,5.00E+00,,6.30E+04,,,,,,6.30E+05
cheng,NADB 2589 201,,,,CWSF,1.89E+01,0.113,1.80E+05,,,,,,6.90E+05
cheng,NADB 2590 201,,,,CWSF,1.65E+01,0.0625,1.80E+05,,,,,,6.80E+05
cheng,NADB 2591 201,,,,CWSF,5.43E+01,0.2297,1.80E+05,,,,,,7.30E+05
cheng,NADB 2616 201,,,,CWSF,2.99E+01,0.135066667,1.80E+05,,,,,,7.00E+05
cheng,NADB 2631 204,,,,CWSF,1.95E+01,0.3,7.00E+04,,,,,,3.90E+05
cheng,NADB 2632 204,,,,CWSF,1.82E+01,0.3,7.00E+04,,,,,,4.20E+05
cheng,NADB 2633 204,,,,CWSF,3.47E+01,0.6,7.00E+04,,,,,,4.40E+05
cheng,NADB 2634 204,,,,CWSF,4.08E+01,0.6,7.00E+04,,,,,,3.80E+05
cheng,NADB 2635 204,,,,CWSF,2.95E+01,0.6,7.00E+04,,,,,,5.20E+05
cheng,NADB 2637 204,,,,CWSF,5.68E+01,0.66,7.00E+04,,,,,,3.00E+05
cheng,NADB 2641 204,,,,CWSF,2.82E+01,0.45,7.00E+04,,,,,,4.10E+05
cheng,NADB 2642 204,,,,CWSF,3.50E+01,0.6,7.00E+04,,,,,,4.50E+05
cheng,NADB 2643 204,,,,CWSF,4.38E+01,0.648,7.00E+04,,,,,,3.90E+05
cheng,NADB 2644 205,,,,CWSF,2.56E+00,,9.30E+02,1.03,,,5.01E+00,4.25E-01,1.30E+04
cheng,NADB 2645 205,,,,CWSF,2.12E+00,,9.30E+02,0.887,,,2.63E+00,5.17E-01,1.50E+04
cheng,NADB 2648 205,,,,CWSF,1.75E+00,,9.30E+02,1.09,,,3.27E+00,4.24E-01,2.00E+04
cheng,NADB 2649 205,,,,CWSF,2.34E+00,,9.30E+02,0.919,,,3.25E+00,4.71E-01,1.40E+04
cheng,NADB 2650 205,,,,CWSF,1.75E+00,,9.30E+02,0.818,,,1.82E+00,5.10E-01,2.00E+04
cheng,NADB 2651 206,,,,CWSF,1.06E+01,0.66,2.40E+04,,,,,,5.40E+05
cheng,NADB 2652 206,,,,CWSF,1.34E+01,0.66,2.40E+04,,,,,,4.30E+05
cheng,NADB 2653 206,,,,CWSF,1.58E+01,0.66,2.40E+04,,,,,,3.90E+05
cheng,NADB 2654 206,,,,CWSF,1.00E+01,0.66,2.40E+04,,,,,,5.70E+05
cheng,NADB 2655 206,,,,CWSF,1.02E+01,0.66,2.40E+04,0.0304,,,3.57E-02,4.73E+00,5.80E+05
cheng,NADB 2656 206,,,,CWSF,9.30E+00,0.66,2.40E+04,0.105,,,1.78E-01,5.61E+00,5.80E+05
cheng,NADB 2657 206,,,,CWSF,1.14E+01,0.66,2.40E+04,0.0699,,,1.07E-01,2.00E+00,4.90E+05
cheng,NADB 2658 206,,,,CWSF,1.81E+01,0.66,2.40E+04,0.0397,,,5.81E-02,2.10E+00,3.20E+05
cheng,NADB 2659 206,,,,CWSF,2.41E+00,0.66,2.40E+04,0.0515,,,5.49E-02,2.20E+01,2.40E+06
cheng,NADB 2660 206,,,,CWSF,1.72E+01,0.66,2.40E+04,,,,,,3.40E+05
cheng,NADB 2661 206,,,,CWSF,6.88E+00,0.7,2.40E+04,,,,,,8.90E+05
cheng,NADB 2663 206,,,,CWSF,5.72E+01,0.7,2.40E+04,,,,,,1.10E+05
cheng,NADB 2664 206,,,,CWSF,7.78E+01,0.7,2.40E+04,,,,,,1.20E+05
cheng,NADB 2665 206,,,,CWSF,4.61E+01,0.7,2.40E+04,,,,,,8.30E+04
cheng,NADB 2666 206,,,,CWSF,5.40E+01,0.7,2.40E+04,0.0202,,,3.65E-02,9.62E-01,1.10E+05
cheng,NADB 2667 206,,,,CWSF,3.61E+01,0.7,2.40E+04,0.049,,,1.35E-01,1.53E+00,1.40E+05
cheng,NADB 2668 206,,,,CWSF,8.46E+01,0.7,2.40E+04,0.0142,,,2.76E-02,2.86E-01,5.70E+04
cheng,NADB 2669 206,,,,CWSF,2.08E+02,0.7,2.40E+04,0.00599,,,1.19E-02,1.95E-01,3.00E+04
cheng,NADB 2670 206,,,,CWSF,2.00E+01,0.7,2.40E+04,0.00819,,,8.90E-03,2.84E+00,3.10E+05
cheng,NADB 2671 206,,,,CWSF,7.84E+01,0.7,2.40E+04,,,,,,7.90E+04
cheng,NADB 2672 206,,,,CWSF,7.57E+01,0.7,2.40E+04,,,,,,8.20E+04
cheng,NADB 2673 206,,,,CWSF,8.74E+00,0.63,1.90E+04,,,,,,4.90E+05
cheng,NADB 2674 206,,,,CWSF,1.11E+01,0.63,1.90E+04,,,,,,3.90E+05
cheng,NADB 2675 206,,,,CWSF,1.47E+01,0.63,1.90E+04,,,,,,3.30E+05
cheng,NADB 2676 206,,,,CWSF,8.04E+00,0.63,1.90E+04,,,,,,5.40E+05
cheng,NADB 2677 206,,,,CWSF,8.08E+00,0.63,1.90E+04,0.0613,,,7.93E-02,4.65E+00,5.60E+05
cheng,NADB 2678 206,,,,CWSF,9.45E+00,0.63,1.90E+04,0.15,,,3.31E-01,4.22E+00,3.90E+05
cheng,NADB 2679 206,,,,CWSF,1.09E+01,0.63,1.90E+04,0.152,,,3.89E-01,1.62E+00,3.00E+05
cheng,NADB 2680 206,,,,CWSF,2.51E+01,0.63,1.90E+04,0.0261,,,3.69E-02,1.18E+00,1.80E+05
cheng,NADB 2681 206,,,,CWSF,3.91E+00,0.63,1.90E+04,0.052,,,5.76E-02,1.05E+01,1.10E+06
cheng,NADB 2682 206,,,,CWSF,4.62E+01,0.63,1.90E+04,,,,,,9.70E+04
cheng,NADB 2683 206,,,,CWSF,1.72E+01,0.63,1.90E+04,,,,,,2.60E+05
cheng,NADB 2695 206,,,,CWSF,1.24E+01,0.66,2.40E+04,0.0252,,,2.95E-02,4.73E+00,4.90E+05
cheng,NADB 2696 206,,,,CWSF,1.29E+01,0.66,2.40E+04,0.0679,,,1.09E-01,3.24E+00,4.60E+05
cheng,NADB 2697 206,,,,CWSF,8.82E+00,0.673333333,2.40E+04,0.0141,,,1.50E-02,2.20E+01,1.20E+06
cheng,NADB 2698 206,,,,CWSF,5.88E+01,0.7,2.40E+04,0.0185,,,3.35E-02,9.62E-01,1.00E+05
cheng,NADB 2699 206,,,,CWSF,1.10E+02,0.7,2.40E+04,0.0147,,,3.64E-02,6.70E-01,7.50E+04
cheng,NADB 2700 206,,,,CWSF,5.80E+01,0.7,2.40E+04,0.00282,,,3.07E-03,2.84E+00,1.60E+05
cheng,NADB 2701 206,,,,CWSF,1.05E+01,0.63,1.90E+04,0.0473,,,6.12E-02,4.65E+00,4.50E+05
cheng,NADB 2702 206,,,,CWSF,1.52E+01,0.63,1.90E+04,0.0847,,,1.72E-01,2.34E+00,2.90E+05
cheng,NADB 2703 206,,,,CWSF,2.24E+01,0.63,1.90E+04,0.00905,,,1.00E-02,1.05E+01,5.00E+05
cheng,NADB 2707 207,,,,CWSF,6.00E+00,0.33,5.00E+03,,,,,,0.00E+00
cheng,NADB 2708 207,,,,CWSF,6.00E+00,0.33,5.00E+03,,,,,,0.00E+00
cheng,NADB 2710 207,,,,CWSF,3.00E+01,,,,,,,,0.00E+00
cheng,NADB 2711 207,,,,CWSF,3.60E+01,0.33,,,,,,,0.00E+00
cheng,NADB 2712 207,,,,CWSF,3.60E+01,0.33,,,,,,,0.00E+00
cheng,NADB 2714 209,,,,CWSF,1.99E+01,0.1,4.00E+04,,,,,,5.50E+04
cheng,NADB 2715 209,,,,CWSF,1.09E+01,0.065,4.00E+04,,,,,,6.50E+04
cheng,NADB 2716 209,,,,CWSF,7.46E+00,0.065,4.00E+04,,,,,,9.50E+04
cheng,NADB 2717 209,,,,CWSF,3.37E-01,0.15,2.00E+04,,,,,,2.40E+06
cheng,NADB 2718 209,,,,CWSF,2.02E+00,0.16,1.00E+05,,,,,,2.20E+06
cheng,NADB 2719 209,,,,CWSF,5.51E+00,0.17,1.50E+05,,,,,,1.30E+06
cheng,NADB 2720 209,,,,CWSF,6.38E+00,0.17,2.30E+05,,,,,,1.70E+06
cheng,NADB 2721 209,,,,CWSF,1.03E+01,0.17,3.20E+05,,,,,,1.40E+06
cheng,NADB 2722 209,,,,CWSF,1.94E+01,0.17,5.50E+05,,,,,,1.30E+06
cheng,NADB 2723 209,,,,CWSF,1.49E+01,0.17,5.00E+05,,,,,,1.60E+06
cheng,NADB 2724 209,,,,CWSF,1.16E+01,0.16,4.80E+05,,,,,,1.80E+06
cheng,NADB 2725 209,,,,CWSF,1.45E+01,0.16,4.60E+05,,,,,,1.40E+06
cheng,NADB 2726 209,,,,CWSF,1.06E+01,0.08,4.60E+05,,,,,,9.50E+05
cheng,NADB 2727 209,,,,CWSF,1.28E+01,0.08,6.10E+05,,,,,,1.00E+06
cheng,NADB 2728 209,,,,CWSF,1.06E+01,0.12,5.40E+05,,,,,,1.70E+06
cheng,NADB 2729 209,,,,CWSF,1.27E+01,0.12,6.70E+05,,,,,,1.70E+06
cheng,NADB 2730 209,,,,CWSF,1.40E+01,0.12,7.60E+05,,,,,,1.80E+06
cheng,NADB 2731 209,,,,CWSF,1.47E+01,0.12,7.60E+05,,,,,,1.70E+06
cheng,NADB 2732 210,,,,CWSF,1.20E+02,0.5,1.10E+06,,,,,,4.90E+05
cheng,NADB 2760 302,,,,CWSF,5.19E+00,0.3,1.50E+04,0.218,,,4.04E-01,1.54E+01,3.10E+05
cheng,NADB 2761 302,,,,CWSF,1.15E+01,0.3,1.50E+04,-0.0322,,,-2.69E-02,4.97E+00,1.40E+05
cheng,NADB 2762 302,,,,CWSF,8.34E+00,0.3,1.50E+04,0.0958,,,1.47E-01,1.16E+01,1.90E+05
cheng,NADB 2763 302,,,,CWSF,1.50E+01,0.3,1.50E+04,0.0733,,,1.34E-01,5.61E+00,1.10E+05
cheng,NADB 2764 302,,,,CWSF,1.29E+01,0.3,1.50E+04,0.0497,,,6.96E-02,5.51E+00,1.20E+05
cheng,NADB 2766 302,,,,CWSF,1.26E+01,0.3,1.50E+04,0.0301,,,3.67E-02,5.65E+00,1.30E+05
cheng,NADB 2767 302,,,,CWSF,9.28E+00,0.3,1.50E+04,0.0458,,,5.70E-02,8.42E+00,1.70E+05
cheng,NADB 2768 302,,,,CWSF,3.55E+00,0.3,1.50E+04,0.192,,,2.76E-01,1.42E+01,4.50E+05
cheng,NADB 2769 302,,,,CWSF,9.47E+00,0.3,1.50E+04,0.0644,,,8.87E-02,6.15E+00,1.70E+05
cheng,NADB 2770 302,,,,CWSF,5.28E+00,0.3,1.50E+04,-0.0142,,,-1.37E-02,4.57E+00,3.00E+05
cheng,NADB 2771 302,,,,CWSF,2.38E+00,0.3,1.50E+04,0.212,,,2.76E-01,1.09E+01,6.70E+05
cheng,NADB 2772 302,,,,CWSF,5.02E+00,0.3,1.50E+04,0.0618,,,7.25E-02,8.58E+00,3.20E+05
cheng,NADB 2773 302,,,,CWSF,4.93E+00,0.3,1.50E+04,0.835,,,1.23E+01,3.17E-01,3.30E+05
cheng,NADB 2774 302,,,,CWSF,8.81E+00,0.3,1.50E+04,0.0881,,,1.33E-01,8.18E+00,1.80E+05
cheng,NADB 2775 302,,,,CWSF,1.79E+00,0.3,1.50E+04,0.633,,,1.18E+00,4.61E+01,8.90E+05
cheng,NADB 2776 302,,,,CWSF,4.65E+00,0.3,1.50E+04,0.0776,,,9.34E-02,1.69E+01,3.50E+05
cheng,NADB 2777 302,,,,CWSF,6.86E+00,0.3,1.50E+04,0.0239,,,2.59E-02,9.96E+00,2.30E+05
cheng,NADB 2779 302,,,,CWSF,4.03E+00,0.3,1.50E+04,0.179,,,2.62E-01,2.29E+01,4.00E+05
cheng,NADB 2780 302,,,,CWSF,5.19E+00,0.3,1.50E+04,0.151,,,2.28E-01,1.54E+01,3.10E+05
cheng,NADB 2781 302,,,,CWSF,1.15E+01,0.3,1.50E+04,0.00357,,,3.65E-03,4.97E+00,1.40E+05
cheng,NADB 2782 302,,,,CWSF,8.34E+00,0.3,1.50E+04,0.128,,,2.28E-01,1.16E+01,1.90E+05
cheng,NADB 2783 302,,,,CWSF,1.50E+01,0.3,1.50E+04,0.108,,,2.73E-01,5.61E+00,1.10E+05
cheng,NADB 2784 302,,,,CWSF,1.29E+01,0.3,1.50E+04,0.0713,,,1.17E-01,5.51E+00,1.20E+05
cheng,NADB 2786 302,,,,CWSF,1.26E+01,0.3,1.50E+04,0.0194,,,2.19E-02,5.65E+00,1.30E+05
cheng,NADB 2787 302,,,,CWSF,9.28E+00,0.3,1.50E+04,0.0497,,,6.31E-02,8.42E+00,1.70E+05
cheng,NADB 2788 302,,,,CWSF,3.37E+00,0.3,1.50E+04,0.177,,,2.42E-01,1.42E+01,4.80E+05
cheng,NADB 2789 302,,,,CWSF,9.47E+00,0.3,1.50E+04,0.0853,,,1.31E-01,6.15E+00,1.70E+05
cheng,NADB 2791 302,,,,CWSF,2.43E+00,0.3,1.50E+04,0.174,,,2.16E-01,1.09E+01,6.60E+05
cheng,NADB 2792 302,,,,CWSF,5.02E+00,0.3,1.50E+04,0.169,,,2.66E-01,8.58E+00,3.20E+05
cheng,NADB 2793 302,,,,CWSF,4.93E+00,0.3,1.50E+04,0.183,,,2.97E-01,1.93E+01,3.30E+05
cheng,NADB 2794 302,,,,CWSF,8.81E+00,0.3,1.50E+04,0.111,,,1.87E-01,8.18E+00,1.80E+05
cheng,NADB 2795 302,,,,CWSF,1.79E+00,0.3,1.50E+04,0.676,,,1.31E+00,4.61E+01,9.00E+05
cheng,NADB 2796 302,,,,CWSF,4.40E+00,0.3,1.50E+04,0.107,,,1.36E-01,1.69E+01,3.60E+05
cheng,NADB 2797 302,,,,CWSF,6.86E+00,0.3,1.50E+04,0.0186,,,1.99E-02,9.96E+00,2.30E+05
cheng,NADB 2798 302,,,,CWSF,5.22E+00,0.3,1.50E+04,0.133,,,1.92E-01,1.71E+01,3.10E+05
cheng,NADB 2799 302,,,,CWSF,4.04E+00,0.3,1.50E+04,0.186,,,2.76E-01,2.29E+01,4.00E+05
cheng,NADB 2800 302,,,,CWSF,9.74E+00,0.3,1.50E+04,0.054,,,7.11E-02,8.24E+00,2.00E+05
cheng,NADB 2801 302,,,,CWSF,4.90E+00,0.3,1.50E+04,0.13,,,1.81E-01,1.45E+01,4.00E+05
cheng,NADB 2802 302,,,,CWSF,9.72E+00,0.3,1.50E+04,0.0613,,,8.38E-02,8.24E+00,2.00E+05
cheng,NADB 2803 302,,,,CWSF,4.88E+00,0.3,1.50E+04,0.152,,,2.25E-01,1.64E+01,4.00E+05
cheng,NADB 2951 305,,,,CWSF,5.86E+01,0.73152,2.20E+05,0.0125,,,1.84E-02,1.21E+01,6.90E+05
cheng,NADB 2952 305,,,,CWSF,6.71E+01,0.9144,2.20E+05,-0.000863,,,-8.39E-04,1.89E+01,7.60E+05
cheng,NADB 2953 305,,,,CWSF,5.65E+01,1.15824,2.20E+05,0.0371,,,1.26E-01,3.18E+01,1.10E+06
cheng,NADB 2954 305,,,,CWSF,4.36E+01,0.54864,2.20E+05,0.0356,,,8.53E-02,2.78E+01,7.90E+05
cheng,NADB 2955 305,,,,CWSF,4.08E+01,0.51816,2.20E+05,0.0558,,,2.14E-01,3.84E+01,5.80E+05
cheng,NADB 2956 305,,,,CWSF,4.87E+01,0.48768,2.20E+05,0.0517,,,2.34E-01,3.23E+01,5.40E+05
cheng,NADB 2957 305,,,,CWSF,6.44E+01,0.42672,2.20E+05,0.0474,,,3.12E-01,3.10E+01,5.00E+05
cheng,NADB 2958 305,,,,CWSF,4.51E+01,0.39624,2.20E+05,0.0372,,,9.64E-02,2.51E+01,4.30E+05
cheng,NADB 2959 305,,,,CWSF,9.49E+01,0.4572,2.20E+05,0.0206,,,6.42E-02,2.75E+01,5.00E+05
cheng,NADB 2960 305,,,,CWSF,5.76E+01,0.61341,2.20E+05,0.028,,,6.97E-02,2.91E+01,6.50E+05
cheng,NADB 2972 306,,,,CWSF,1.06E+01,0.443610543,3.90E+03,,,,,,6.00E+04
cheng,NADB 3031 306,,,,CWSF,1.13E+01,0.44,3.90E+03,,,,,,5.60E+04
cheng,NADB 3032 306,,,,CWSF,1.05E+01,0.44,3.90E+03,,,,,,6.00E+04
cheng,NADB 3033 306,,,,CWSF,1.13E+01,0.44,3.90E+03,,,,,,5.60E+04
cheng,NADB 3034 306,,,,CWSF,1.58E+01,0.44,3.90E+03,,,,,,4.00E+04
cheng,NADB 3035 306,,,,CWSF,1.20E+01,0.44,3.90E+03,,,,,,5.20E+04
cheng,NADB 3036 306,,,,CWSF,1.06E+01,0.443610543,3.90E+03,,,,,,6.00E+04
cheng,NADB 3037 306,,,,CWSF,2.12E+01,0.443637666,3.90E+03,,,,,,3.00E+04
cheng,NADB 3038 306,,,,CWSF,4.24E+01,0.443637666,3.90E+03,,,,,,1.50E+04
cheng,NADB 3039 306,,,,CWSF,1.06E+01,0.443610543,3.90E+03,,,,,,6.00E+04
cheng,NADB 3040 306,,,,CWSF,9.90E+00,0.441953429,3.90E+03,,,,,,6.40E+04
cheng,NADB 3042 306,,,,CWSF,1.22E+01,0.44,3.90E+03,,,,,,5.30E+04
cheng,NADB 3534 311,,,,CWSF,7.46E+00,0.1975,4.20E+03,,,,,,0.00E+00
cheng,NADB 3539 311,,,,CWSF,1.40E+01,0.213333333,4.20E+03,,,,,,0.00E+00
cheng,NADB 3544 311,,,,CWSF,1.51E+01,0.209166667,4.20E+03,,,,,,0.00E+00
cheng,NADB 3549 311,,,,CWSF,1.53E+01,0.203333333,4.20E+03,,,,,,0.00E+00
cheng,NADB 3550 311,,,,CWSF,6.00E+00,0.193333333,9.10E+02,,,,,,0.00E+00
cheng,NADB 3551 311,,,,CWSF,1.90E+00,0.15,9.10E+02,,,,,,0.00E+00
cheng,NADB 3552 311,,,,CWSF,4.33E+00,0.266666667,9.10E+02,,,,,,0.00E+00
cheng,NADB 3553 311,,,,CWSF,5.40E+00,0.2,9.10E+02,,,,,,0.00E+00
cheng,NADB 3554 311,,,,CWSF,4.41E+00,0.2025,9.10E+02,,,,,,0.00E+00
cheng,NADB 3559 311,,,,CWSF,1.15E+01,0.240833333,9.10E+02,,,,,,0.00E+00
cheng,NADB 3564 311,,,,CWSF,1.13E+01,0.221666667,9.10E+02,,,,,,0.00E+00
cheng,NADB 3569 311,,,,CWSF,7.59E+00,0.159166667,9.10E+02,,,,,,0.00E+00
cheng,NADB 3570 311,,,,CWSF,8.73E+00,0.193333333,1.30E+03,,,,,,0.00E+00
cheng,NADB 3571 311,,,,CWSF,3.20E+00,0.18,1.30E+03,,,,,,0.00E+00
cheng,NADB 3572 311,,,,CWSF,5.80E+00,0.266666667,1.30E+03,,,,,,0.00E+00
cheng,NADB 3573 311,,,,CWSF,6.60E+00,0.2,1.30E+03,,,,,,0.00E+00
cheng,NADB 3574 311,,,,CWSF,6.08E+00,0.21,1.30E+03,,,,,,0.00E+00
cheng,NADB 3579 311,,,,CWSF,1.37E+01,0.203333333,1.30E+03,,,,,,0.00E+00
cheng,NADB 3584 311,,,,CWSF,1.48E+01,0.2,1.30E+03,,,,,,0.00E+00
cheng,NADB 3589 311,,,,CWSF,1.29E+01,0.184166667,1.30E+03,,,,,,0.00E+00
cheng,NADB 3590 311,,,,CWSF,9.47E+00,0.193333333,1.30E+03,,,,,,0.00E+00
cheng,NADB 3591 311,,,,CWSF,4.30E+00,0.17,1.30E+03,,,,,,0.00E+00
cheng,NADB 3592 311,,,,CWSF,7.47E+00,0.266666667,1.30E+03,,,,,,0.00E+00
cheng,NADB 3593 311,,,,CWSF,7.20E+00,0.2,1.30E+03,,,,,,0.00E+00
cheng,NADB 3594 311,,,,CWSF,7.11E+00,0.2075,1.30E+03,,,,,,0.00E+00
cheng,NADB 3595 311,,,,CWSF,1.32E+01,0.246666667,1.30E+03,,,,,,0.00E+00
cheng,NADB 3596 311,,,,CWSF,1.70E+01,0.23,1.30E+03,,,,,,0.00E+00
cheng,NADB 3597 311,,,,CWSF,1.83E+01,0.246666667,1.30E+03,,,,,,0.00E+00
cheng,NADB 3598 311,,,,CWSF,7.40E+00,0.1,1.30E+03,,,,,,0.00E+00
cheng,NADB 3599 311,,,,CWSF,1.40E+01,0.205833333,1.30E+03,,,,,,0.00E+00
cheng,NADB 3604 311,,,,CWSF,1.47E+01,0.21,1.30E+03,,,,,,0.00E+00
cheng,NADB 3609 311,,,,CWSF,8.93E+00,0.195,1.30E+03,,,,,,0.00E+00
cheng,NADB 3610 311,,,,CWSF,6.63E+00,0.193333333,9.40E+02,,,,,,0.00E+00
cheng,NADB 3611 311,,,,CWSF,1.90E+00,0.11,9.40E+02,,,,,,0.00E+00
cheng,NADB 3612 311,,,,CWSF,5.40E+00,0.266666667,9.40E+02,,,,,,0.00E+00
cheng,NADB 3613 311,,,,CWSF,6.00E+00,0.2,9.40E+02,,,,,,0.00E+00
cheng,NADB 3614 311,,,,CWSF,4.98E+00,0.1925,9.40E+02,,,,,,0.00E+00
cheng,NADB 3619 311,,,,CWSF,1.05E+01,0.216,9.40E+02,,,,,,0.00E+00
cheng,NADB 3624 311,,,,CWSF,1.07E+01,0.215833333,9.40E+02,,,,,,0.00E+00
cheng,NADB 3629 311,,,,CWSF,5.43E+00,0.1625,9.40E+02,,,,,,0.00E+00
cheng,NADB 3631 312,,,,CWSF,7.52E+00,0.65,1.90E+04,,,,,,6.10E+05
cheng,NADB 3632 312,,,,CWSF,8.47E+00,0.65,1.90E+04,,,,,,5.40E+05
cheng,NADB 3640 312,,,,CWSF,7.75E+00,0.65,1.90E+04,,,,,,6.00E+05
cheng,NADB 3642 312,,,,CWSF,1.04E+01,0.65,8.50E+04,,,,,,1.90E+06
cheng,NADB 3688 316,,,,CWSF,1.75E+00,,2.40E+03,,,,,,0.00E+00
cheng,NADB 3691 400,,,,CWUF,3.50E+00,0.305,2.00E+03,0.382,,,8.01E-01,2.20E+00,2.10E+04
cheng,NADB 3693 400,,,,CWUF,3.50E+00,0.305,2.00E+03,0.475,,,1.22E+00,2.95E+00,2.10E+04
cheng,NADB 3757 406,,,,CWUF,1.50E+00,0.61,8.90E+03,,,,,,5.00E+05
cheng,NADB 3758 406,,,,CWUF,1.30E+00,0.61,8.90E+03,,,,,,5.60E+05
cheng,NADB 3759 406,,,,CWUF,1.80E+00,0.61,8.90E+03,,,,,,4.20E+05
cheng,NADB 3760 406,,,,CWUF,1.60E+00,0.61,8.90E+03,,,,,,4.60E+05
cheng,NADB 3761 406,,,,CWUF,1.50E+00,0.61,8.90E+03,,,,,,5.00E+05
cheng,NADB 3762 406,,,,CWUF,1.20E+00,0.61,8.90E+03,,,,,,6.10E+05
cheng,NADB 3765 406,,,,CWUF,1.55E+00,0.61,8.90E+03,,,,,,4.90E+05
cheng,NADB 3766 406,,,,CWUF,1.35E+00,0.61,8.90E+03,,,,,,5.50E+05
cheng,NADB 3767 407,,,,CWUF,1.40E+00,0.457,9.00E+02,,,,,,2.80E+04
cheng,NADB 3768 408,,,,CWUF,3.10E+00,0.701,3.90E+03,0.169,,,2.22E-01,9.30E+00,1.20E+05
cheng,NADB 3769 408,,,,CWUF,2.20E+00,0.701,3.90E+03,0.534,,,1.02E+00,1.14E+01,1.70E+05
cheng,NADB 3770 408,,,,CWUF,2.10E+00,0.701,3.90E+03,0.42,,,6.74E-01,1.93E+01,1.70E+05
cheng,NADB 3771 408,,,,CWUF,1.80E+00,0.701,3.90E+03,0.167,,,1.95E-01,2.21E+01,2.10E+05
cheng,NADB 3772 408,,,,CWUF,2.30E+00,0.701,3.90E+03,0.27,,,3.74E-01,1.55E+01,1.70E+05
cheng,NADB 3804 414,,,,CWUF,3.06E+00,0.61,3.20E+03,0.515,,,1.25E+00,6.02E+00,8.80E+04
cheng,NADB 3805 414,,,,CWUF,3.88E+00,0.61,3.20E+03,0.254,,,4.34E-01,3.72E+00,6.90E+04
cheng,NADB 3806 414,,,,CWUF,3.96E+00,0.61,3.20E+03,0.0894,,,1.07E-01,2.30E+00,6.80E+04
cheng,NADB 3807 414,,,,CWUF,5.46E+00,0.61,3.20E+03,0.319,,,8.60E-01,3.76E+00,4.90E+04
cheng,NADB 3808 414,,,,CWUF,6.92E+00,0.61,3.20E+03,0.183,,,3.69E-01,2.40E+00,3.90E+04
cheng,NADB 3809 414,,,,CWUF,7.43E+00,0.61,3.20E+03,0.126,,,2.09E-01,1.97E+00,3.60E+04
cheng,NADB 3810 414,,,,CWUF,4.33E+00,0.61,3.20E+03,0.0438,,,4.82E-02,2.09E+00,6.20E+04
cheng,NADB 3811 414,,,,CWUF,6.19E+00,0.61,3.20E+03,0.149,,,2.44E-01,3.30E+00,4.30E+04
cheng,NADB 3812 414,,,,CWUF,4.09E+00,0.61,3.20E+03,0.286,,,5.43E-01,3.95E+00,6.90E+04
cheng,NADB 3813 414,,,,CWUF,6.22E+00,0.61,3.20E+03,0.125,,,1.89E-01,2.44E+00,4.50E+04
cheng,NADB 3836 425,,,,CWUF,3.04E+00,0.457,3.60E+03,0.0938,,,1.08E-01,2.33E+00,7.60E+04
cheng,NADB 3837 425,,,,CWUF,8.36E+00,0.457,3.60E+03,0.0731,,,1.01E-01,4.84E+00,2.80E+04
cheng,NADB 3838 425,,,,CWUF,3.34E+00,0.457,3.60E+03,0.198,,,2.81E-01,2.94E+00,6.90E+04
cheng,NADB 3839 425,,,,CWUF,7.17E+00,0.457,3.60E+03,0.0455,,,5.37E-02,1.38E+00,3.20E+04
cheng,NADB 3840 425,,,,CWUF,3.04E+00,0.457,3.60E+03,0.243,,,3.60E-01,2.33E+00,7.60E+04
cheng,NADB 3841 425,,,,CWUF,8.36E+00,0.457,3.60E+03,0.0748,,,1.04E-01,1.01E+00,2.80E+04
cheng,NADB 3842 425,,,,CWUF,3.34E+00,0.457,3.60E+03,0.217,,,3.19E-01,2.94E+00,6.90E+04
cheng,NADB 3843 425,,,,CWUF,7.17E+00,0.457,3.60E+03,0.0338,,,3.82E-02,1.67E+00,3.20E+04
cheng,NADB 3844 425,,,,CWUF,5.48E+00,0.457,3.60E+03,0.0933,,,1.22E-01,2.87E+00,5.10E+04
cheng,NADB 3845 425,,,,CWUF,5.48E+00,0.457,3.60E+03,0.109,,,1.48E-01,1.98E+00,5.10E+04
cheng,NADB 3846 426,,,,CWUF,1.62E+00,0.457,3.60E+03,0.623,,,1.08E+00,4.66E+00,1.80E+05
cheng,NADB 3848 426,,,,CWUF,6.33E+00,0.457,3.60E+03,0.119,,,1.78E-01,1.33E+00,4.60E+04
cheng,NADB 3849 426,,,,CWUF,6.33E+00,0.457,3.60E+03,0.108,,,1.56E-01,1.39E+00,4.60E+04
cheng,NADB 3850 426,,,,CWUF,1.62E+00,0.457,3.60E+03,0.57,,,9.37E-01,4.66E+00,1.80E+05
cheng,NADB 3852 426,,,,CWUF,6.33E+00,0.457,3.60E+03,0.101,,,1.42E-01,1.33E+00,4.60E+04
cheng,NADB 3853 426,,,,CWUF,6.33E+00,0.457,3.60E+03,0.0692,,,8.68E-02,1.39E+00,4.60E+04
cheng,NADB 3854 426,,,,CWUF,4.74E+00,0.457,3.60E+03,0.184,,,2.94E-01,2.26E+00,8.30E+04
cheng,NADB 3855 426,,,,CWUF,4.74E+00,0.457,3.60E+03,0.164,,,2.49E-01,2.26E+00,8.30E+04
cheng,NADB 3856 427,,,,CWUF,2.00E+00,0.381,4.50E+03,,,,,,7.30E+05
cheng,NADB 3857 427,,,,CWUF,7.69E+00,0.381,4.50E+03,0.0111,,,1.16E-02,4.59E+00,1.80E+05
cheng,NADB 3861 427,,,,CWUF,4.85E+00,0.381,4.50E+03,0.0177,,,1.85E-02,4.59E+00,4.50E+05
cheng,NADB 3862 431,,,,CWUF,3.20E+00,0.635,2.10E+03,,,,,,5.40E+04
cheng,NADB 3863 431,,,,CWUF,1.45E+00,0.635,2.10E+03,,,,,,1.20E+05
cheng,NADB 3864 431,,,,CWUF,1.84E+00,0.635,2.10E+03,,,,,,9.40E+04
cheng,NADB 3865 431,,,,CWUF,5.20E+00,0.635,2.10E+03,,,,,,3.30E+04
cheng,NADB 3866 431,,,,CWUF,4.46E+00,0.635,2.10E+03,,,,,,3.90E+04
cheng,NADB 3867 431,,,,CWUF,2.15E+00,0.635,2.10E+03,,,,,,8.00E+04
cheng,NADB 3868 432,,,,CWUF,1.53E+00,0.366,5.00E+03,,,,,,4.20E+04
cheng,NADB 3869 432,,,,CWUF,1.20E+00,0.61,1.10E+03,,,,,,4.20E+04
cheng,NADB 3874 433,,,,CWUF,2.58E+00,0.509,2.50E+04,-0.247,,,-1.82E-01,3.09E+01,1.80E+06
cheng,NADB 3884 437,,,,CWUF,1.25E+00,0.508,2.70E+03,,,,,,1.70E+05
cheng,NADB 3885 437,,,,CWUF,1.43E+00,0.508,2.70E+03,0.496,,,7.21E-01,6.37E+00,1.50E+05
cheng,NADB 3886 437,,,,CWUF,1.61E+00,0.508,2.70E+03,0.16,,,1.83E-01,3.90E+00,1.30E+05
cheng,NADB 3887 437,,,,CWUF,8.42E+00,0.508,2.70E+03,0.00239,,,2.41E-03,8.28E-01,1.90E+04
cheng,NADB 3888 437,,,,CWUF,1.92E+00,0.411,2.70E+03,,,,,,1.20E+05
cheng,NADB 3889 437,,,,CWUF,2.50E+00,0.411,2.70E+03,0.265,,,3.76E-01,3.71E+00,8.40E+04
cheng,NADB 3890 437,,,,CWUF,1.04E+00,0.411,2.70E+03,0.709,,,1.05E+00,3.63E+00,1.20E+05
cheng,NADB 3891 437,,,,CWUF,7.50E+00,0.402,2.70E+03,-0.0296,,,-2.66E-02,5.76E-01,2.10E+04
cheng,NADB 3894 437,,,,CWUF,3.18E+00,0.508,2.70E+03,0.147,,,1.87E-01,3.70E+00,1.20E+05
cheng,NADB 3895 437,,,,CWUF,3.24E+00,0.40875,2.70E+03,0.184,,,2.51E-01,2.64E+00,8.70E+04
cheng,NADB 3896 440,,,,CWUF,1.38E+00,0.61,2.70E+03,0.186,,,2.12E-01,3.07E+00,1.70E+05
cheng,NADB 3897 440,,,,CWUF,7.44E-01,0.549,2.70E+03,0.00376,,,3.77E-03,9.27E+00,2.80E+05
cheng,NADB 3898 440,,,,CWUF,5.58E-01,0.62,2.70E+03,0.843,,,1.08E+00,7.23E+00,3.90E+05
cheng,NADB 3905 440,,,,CWUF,8.93E-01,0.593,2.70E+03,0.216,,,2.38E-01,6.52E+00,2.80E+05
cheng,NADB 3910 453,,,,CWUF,3.30E+00,0.813,1.90E+04,,,,,,0.00E+00
cheng,NADB 3945 514,,,,CWSF,7.60E+00,0.3,1.50E+02,,,,,,2.10E+03
cheng,NADB 3946 514,,,,CWSF,7.60E+00,0.3,1.50E+02,,,,,,2.10E+03
cheng,NADB 3968 514,,,,CWSF,7.60E+00,0.3,1.50E+02,,,,,,2.10E+03
cheng,NADB 3969 514,,,,CWSF,7.60E+00,0.3,1.50E+02,,,,,,2.10E+03
cheng,NADB 3991 514,,,,CWSF,7.60E+00,0.3,1.50E+02,,,,,,2.10E+03
cheng,NADB 3992 514,,,,CWSF,7.60E+00,0.3,1.50E+02,,,,,,2.10E+03
cheng,NADB 4014 514,,,,CWSF,7.60E+00,0.3,1.50E+02,,,,,,2.10E+03
cheng,NADB 4015 514,,,,CWSF,7.60E+00,0.3,1.50E+02,,,,,,2.10E+03
cheng,NADB 4037 514,,,,CWSF,7.60E+00,0.3,1.50E+02,,,,,,2.10E+03
cheng,NADB 4038 514,,,,CWSF,7.60E+00,0.3,1.50E+02,,,,,,2.10E+03
cheng,NADB 4060 514,,,,CWSF,7.60E+00,0.3,1.50E+02,,,,,,2.10E+03
cheng,NADB 4061 514,,,,CWSF,7.60E+00,0.3,1.50E+02,,,,,,2.10E+03
cheng,NADB 4062 521,,,,CWSF,4.16E+01,0.23,3.40E+02,,,,,,6.90E+02
cheng,NADB 4063 523,,,,CWSF,2.97E+00,0.1,2.80E+01,,,,,,3.50E+02
cheng,NADB 4064 523,,,,CWSF,2.97E+00,0.1,2.80E+01,,,,,,3.50E+02
cheng,NADB 4065 523,,,,CWSF,2.97E+00,0.1,2.80E+01,,,,,,3.50E+02
cheng,NADB 4066 523,,,,CWSF,2.97E+00,0.1,2.80E+01,,,,,,3.50E+02
cheng,NADB 4067 523,,,,CWSF,2.97E+00,0.1,2.80E+01,,,,,,3.50E+02
cheng,NADB 4068 523,,,,CWSF,2.97E+00,0.1,2.80E+01,,,,,,3.50E+02
cheng,NADB 4229 530,,,,CWSF,7.67E+00,0.15,2.30E+01,0.108,,,1.68E-01,1.51E-01,1.60E+02
cheng,NADB 4246 530,,,,CWSF,7.67E+00,0.15,2.30E+01,0.0486,,,5.89E-02,2.24E-01,1.60E+02
cheng,NADB 4247 530,,,,CWSF,7.67E+00,0.15,2.30E+01,0.114,,,1.83E-01,1.51E-01,1.60E+02
cheng,NADB 4255 530,,,,CWSF,7.67E+00,0.15,2.30E+01,0.152,,,2.89E-01,1.51E-01,1.60E+02
cheng,NADB 4272 530,,,,CWSF,7.67E+00,0.15,2.30E+01,0.0464,,,5.57E-02,2.24E-01,1.60E+02
cheng,NADB 4273 530,,,,CWSF,7.67E+00,0.15,2.30E+01,0.105,,,1.60E-01,1.51E-01,1.60E+02
cheng,NADB 4290 530,,,,CWSF,3.83E+00,0.15,2.30E+01,0.0505,,,5.58E-02,4.48E-01,3.30E+02
cheng,NADB 4291 530,,,,CWSF,3.83E+00,0.15,2.30E+01,0.238,,,3.89E-01,3.02E-01,3.30E+02
cheng,NADB 4308 530,,,,CWSF,3.83E+00,0.15,2.30E+01,0.057,,,6.38E-02,4.48E-01,3.30E+02
cheng,NADB 4309 530,,,,CWSF,3.83E+00,0.15,2.30E+01,0.256,,,4.36E-01,3.02E-01,3.30E+02
cheng,NADB 4317 530,,,,CWSF,3.83E+00,0.15,2.30E+01,0.26,,,4.46E-01,3.02E-01,3.30E+02
cheng,NADB 4334 530,,,,CWSF,3.83E+00,0.15,2.30E+01,0.0508,,,5.61E-02,4.48E-01,3.30E+02
cheng,NADB 4335 530,,,,CWSF,3.83E+00,0.15,2.30E+01,0.194,,,2.87E-01,3.02E-01,3.30E+02
cheng,NADB 4352 530,,,,CWSF,7.67E+00,0.3,2.30E+01,0.0375,,,4.34E-02,4.48E-01,3.30E+02
cheng,NADB 4353 530,,,,CWSF,7.67E+00,0.3,2.30E+01,0.143,,,2.60E-01,3.02E-01,3.30E+02
cheng,NADB 4370 530,,,,CWSF,7.67E+00,0.3,2.30E+01,0.0678,,,8.89E-02,4.48E-01,3.30E+02
cheng,NADB 4371 530,,,,CWSF,7.67E+00,0.3,2.30E+01,0.183,,,3.99E-01,3.02E-01,3.30E+02
cheng,NADB 4388 530,,,,CWSF,7.67E+00,0.3,2.30E+01,0.0374,,,4.33E-02,4.48E-01,3.30E+02
cheng,NADB 4389 530,,,,CWSF,7.67E+00,0.3,2.30E+01,0.149,,,2.78E-01,3.02E-01,3.30E+02
cheng,NADB 4406 530,,,,CWSF,7.67E+00,0.3,2.30E+01,0.0374,,,4.33E-02,4.48E-01,3.30E+02
cheng,NADB 4407 530,,,,CWSF,7.67E+00,0.3,2.30E+01,0.146,,,2.69E-01,3.02E-01,3.30E+02
cheng,NADB 4424 530,,,,CWSF,3.83E+00,0.3,2.30E+01,0.0578,,,6.46E-02,8.95E-01,6.60E+02
cheng,NADB 4425 530,,,,CWSF,3.83E+00,0.3,2.30E+01,0.297,,,5.52E-01,6.05E-01,6.60E+02
cheng,NADB 4442 530,,,,CWSF,3.83E+00,0.3,2.30E+01,0.0485,,,5.33E-02,8.95E-01,6.60E+02
cheng,NADB 4443 530,,,,CWSF,3.83E+00,0.3,2.30E+01,0.271,,,4.76E-01,6.05E-01,6.60E+02
cheng,NADB 4460 530,,,,CWSF,3.83E+00,0.3,2.30E+01,0.0498,,,5.49E-02,8.95E-01,6.60E+02
cheng,NADB 4461 530,,,,CWSF,3.83E+00,0.3,2.30E+01,0.231,,,3.72E-01,6.05E-01,6.60E+02
cheng,NADB 963 2,,,,CWSF,1.90E+01,0.3,2.00E+05,0.01,,,1.10E-02,3.01E+01,9.20E+05
cheng,Nahlik and Mitsch  2006,Costa Rica,,,CWSF,6.00E+01,1.9,1.74E+03,0.0393,,,1.59E-01,8.71E-01,2.01E+04
cheng,Nahlik and Mitsch  2006,Costa Rica,,,CWSF,2.70E+01,3.8,1.34E+03,-0.0301,,,-2.06E-02,5.54E-02,6.86E+04
cheng,Nahlik and Mitsch  2006,Costa Rica,,,CWSF,1.00E+00,0.8,6.49E+02,-0.699,,,-5.03E-01,1.31E-01,1.33E+05
cheng,Nahlik and Mitsch  2006,Costa Rica,,,CWSF,3.00E+01,1.2,9.85E+02,0.0239,,,3.49E-02,3.59E-02,1.42E+04
cheng,Nahlik and Mitsch  2006,Costa Rica,,,CWSF,9.00E-01,0.4,8.90E+01,-0.65,,,-4.92E-01,4.73E-02,1.46E+04
cheng,Nahlik and Mitsch  2006,USA,,,CWSF,1.40E+01,,,,,,,,-9.99E+02
shen,"Nie, 2006",Jiangsu,120,31.4,wetland,2,0.8,24,0.181,30.4,18.8,,,
shen,"Nie, 2006",Jiangsu,120,31.4,wetland,4,0.8,24,0.252,63.5,18.4,,,
shen,"Nie, 2007",Jiangsu,120.3,31.5,wetland,0.5,,30,1.754,58.4,18.5,,,
shen,"Nie, 2007",Jiangsu,120.3,31.5,wetland,0.5,,30,1.66,56.4,18.5,,,
shen,"Nie, 2007",Jiangsu,120.3,31.5,wetland,0.5,,30,0.325,15,18.5,,,
shen,"Nie, 2007",Jiangsu,120.3,31.5,wetland,0.5,,30,0.862,35,18.5,,,
cheng,Nivala et al  2006,USA,,,CWUF,,,,,,,,,-9.99E+02
shen,"Pan et al., 2011",,,,wetland,1.8,0.4,0.19,0.444,54,27.5,,,
shen,"Pan et al., 2011",,,,wetland,1.8,0.4,0.19,0.331,44,27.5,,,
shen,"Pan et al., 2012b",Hubei,112.2,30.9,wetland,5,0.45,2300,0.129,47.5,25.8,,,
shen,"Pan et al., 2015",Heilongjiang,133.5,47.6,wetland,2,0.4,1,0.746,77.5,21.5,,,
shen,"Pan, 2019",Chongqing,106.5,29.6,wetland,3,0.2,0.2,0.536,80,30.3,,,
shen,"Pan, 2019",Chongqing,106.5,29.6,wetland,3,0.2,0.2,0.421,71.7,20.4,,,
shen,"Pan, 2019",Chongqing,106.5,29.6,wetland,5,0.2,0.2,0.16,55,10.7,,,
shen,"Pang, 2006",Heilongjiang,126.6,45.8,wetland,10.7,,32,0.031,28.5,13,,,
shen,"Pang, 2006",Heilongjiang,126.6,45.8,wetland,5.3,,32,0.147,54.2,22,,,
cheng,Park and Polprasert 2008,Thailand,,,CWUF,3.50E+00,0.4,2.84E-01,0.306,,,5.48E-01,8.33E-04,1.24E+01
cheng,Park and Polprasert 2008,Thailand,,,CWUF,3.50E+00,0.4,2.84E-01,0.31,,,5.60E-01,9.87E-04,1.24E+01
shen,"Pei et al., 2016",Shandong,117,36.7,wetland,1.2,1.3,4,0.254,26.3,24.4,,,
shen,"Pei et al., 2016",Shandong,117,36.7,wetland,1.2,1.3,4,0.506,45.5,16.9,,,
shen,"Peng et al., 2010",Jiangsu,119.3,32.7,wetland,20,1.9,3000,0.156,95.6,28.6,,,
shen,"Peng et al., 2014",Qinghai,102.5,36.5,wetland,3.6,0.4,4500,0.115,34,18,,,
cheng,Phipps et al  1994,USA,,,CWSF,1.20E+01,0.61,2.40E+04,0.064,,,9.63E-02,1.83E+00,4.54E+06
cheng,Phipps et al  1994,USA,,,CWSF,9.50E+01,0.72,2.40E+04,0.0149,,,3.26E-02,2.70E-01,6.61E+05
cheng,Phipps et al  1994,USA,,,CWSF,1.30E+01,0.69,1.90E+04,0.0689,,,1.11E-01,1.36E+00,3.55E+06
cheng,Poach et al 2003,USA,,,CWUF,6.00E+00,,1.21E+02,-0.0147,,,-1.41E-02,4.17E-02,7.51E+02
cheng,Poach et al 2003,USA,,,CWUF,5.00E+00,,1.21E+02,-0.0382,,,-3.48E-02,5.43E-02,8.60E+02
cheng,Poach et al 2003,USA,,,CWUF,1.20E+01,,2.41E+02,0.295,,,2.80E+00,2.04E-01,7.68E+02
cheng,Poach et al 2003,USA,,,CWUF,1.00E+01,,2.41E+02,0.0189,,,2.09E-02,2.71E-02,8.46E+02
cheng,Poach et al 2003,Australia,,,CWUF,4.00E+00,,,0.5,,,1.60E+00,,-9.99E+02
cheng,Poach et al 2004,USA,,,CWSF,1.40E+01,0.45,4.40E+02,0.0336,,,4.29E-02,1.76E+00,3.60E+03
cheng,Poach et al 2004,,,,CWSF,1.40E+01,0.45,4.40E+02,0.033,,,4.20E-02,1.19E+00,3.60E+03
cheng,Poach et al 2004,,,,CWSF,1.40E+01,0.45,4.40E+02,0.0022,,,2.23E-03,1.45E+00,3.60E+03
cheng,Poach et al 2004,,,,CWSF,1.40E+01,0.45,4.40E+02,0.0449,,,6.25E-02,6.60E-01,3.60E+03
cheng,Poach et al 2004,,,,CWSF,1.40E+01,0.45,4.40E+02,0.0462,,,6.49E-02,9.24E-01,3.60E+03
cheng,Poach et al 2004,,,,CWSF,1.40E+01,0.45,4.40E+02,0.04,,,5.36E-02,3.08E-01,3.60E+03
shen,"Qi et al., 2018",Hainan,109.5,18.3,wetland,0.5,0.3,0.24,3.199,79.8,28,,,
shen,"Qi et al., 2021",Fujian,118.2,24.5,wetland,1,0.65,0.9,0.925,60.4,,,,
shen,"Qi et al., 2021",Fujian,118.2,24.5,wetland,2,0.65,0.9,0.751,77.7,,,,
shen,"Qi et al., 2021",Fujian,118.2,24.5,wetland,3,0.65,0.9,0.485,76.6,,,,
shen,"Qi et al., 2021",Fujian,118.2,24.5,wetland,4,0.65,0.9,0.266,65.5,,,,
shen,"Qiao et al., 1996",Yunnan,102.7,25,wetland,12,,,0.173,87.5,20,,,
shen,"Qu, 2014",Guizhou,104.3,26.9,wetland,2,,500,0.399,55,25.2,,,
shen,"Ran et al., 2010",Yunnan,102.8,25.2,wetland,0.5,0.25,800,1.034,41.1,18.8,,,
cheng,Reilly et al  2000,USA,,,CWSF,2.80E+00,0.55,2.50E+05,,,,,,1.80E+07
cheng,Reilly et al  2000,USA,,,CWSF,1.80E+00,0.55,2.50E+05,,,,,,2.68E+07
cheng,Reilly et al  2000,USA,,,CWSF,1.10E+00,0.52,1.90E+05,,,,,,4.42E+07
cheng,Reilly et al  2000,USA,,,CWSF,3.10E+00,0.24,2.10E+05,,,,,,1.80E+07
cheng,Reilly et al  2000,USA,,,CWSF,1.80E+00,0.24,2.10E+05,,,,,,2.68E+07
cheng,Reilly et al  2000,USA,,,CWSF,1.00E+00,0.24,2.10E+05,,,,,,4.42E+07
cheng,Reilly et al  2000,USA,,,CWSF,9.00E-01,0.1,1.40E+05,,,,,,1.80E+07
cheng,Reilly et al  2000,USA,,,CWSF,7.00E-01,0.1,1.40E+05,,,,,,2.68E+07
cheng,Reilly et al  2000,USA,,,CWSF,3.00E-01,0.1,1.40E+05,,,,,,4.42E+07
cheng,Reinhardt et al  2005,Switzerland,,,CWSF,4.00E+00,0.6,2.35E+03,,,,,,7.62E+04
shen,"Ren, 2014",Hunan,113.2,29.2,wetland,1,1,1,0.493,38.9,23,,,
cheng,Sakadevan  1999,Australia,,,CWSF,5.00E+00,0.5,6.00E+02,0.061,,,7.13E-02,5.31E-01,5.48E+03
cheng,Sakadevan  1999,Australia,,,CWSF,5.00E+00,0.2,6.00E+02,0.104,,,1.37E-01,2.14E-01,2.19E+03
cheng,Sakadevan  1999,Australia,,,CWSF,5.00E+00,0.2,6.00E+02,0.108,,,1.43E-01,2.00E-01,2.19E+03
cheng,Sakadevan  1999,Australia,,,CWSF,1.50E+01,0.2,6.00E+02,0.0994,,,2.29E-01,6.66E-02,7.30E+02
cheng,Sakadevan  1999,Australia,,,CWSF,1.50E+01,0.2,6.00E+02,0.0979,,,2.23E-01,7.04E-02,7.30E+02
cheng,Sanchez-Carrillo and Alvarez-Cobelas 2000,Spain,,,NWSF,3.65E+02,0.91,1.70E+10,0.000945,,,1.13E-03,2.44E+06,3.40E+06
cheng,Sanchez-Carrillo and Alvarez-Cobelas 2000,Spain,,,NWSF,4.23E+02,0.91,1.70E+10,0.000812,,,9.69E-04,5.78E+06,9.05E+07
cheng,Sanchez-Carrillo and Alvarez-Cobelas 2000,Spain,,,NWSF,3.80E+02,0.91,1.70E+10,0.000409,,,4.43E-04,5.41E+06,5.79E+07
cheng,Sanchez-Carrillo and Alvarez-Cobelas 2000,USA,,,NWSF,1.20E+00,0.25,1.30E+07,,,,,,1.80E+05
cheng,Sanchez-Carrillo and Alvarez-Cobelas 2000,USA,,,NWSF,1.01E+00,0.25,1.30E+07,,,,,,3.30E+05
cheng,Sanchez-Carrillo and Alvarez-Cobelas 2000,USA,,,NWSF,9.00E-01,0.25,1.30E+07,,,,,,4.20E+05
cheng,Sanchez-Carrillo and Alvarez-Cobelas 2000,USA,,,NWSF,1.01E+00,0.25,1.30E+07,,,,,,3.30E+05
cheng,Sanchez-Carrillo and Alvarez-Cobelas 2000,Canada,,,NWUF,6.66E+01,1,2.12E+04,0.0000998,,,1.00E-04,8.77E-02,1.21E+05
cheng,Sanchez-Carrillo and Alvarez-Cobelas 2000,Canada,,,NWUF,3.09E+01,1,1.13E+04,-0.0000889,,,-8.88E-05,1.12E-01,1.36E+05
cheng,Sanchez-Carrillo and Alvarez-Cobelas 2000,Canada,,,NWUF,1.07E+01,1,1.00E+03,0.00512,,,5.26E-03,2.88E-02,3.44E+04
shen,"Shen, 2016",Anhui,117.2,31.7,wetland,1,0.2,200,0.349,29.4,,,,
shen,"Shi, 2018",Jiangsu,120.4,31.5,wetland,8,0.45,0.64,0.08,47.2,19.5,,,
cheng,Song et al 2007,,,,CWSF,1.00E+00,0.1,,,,,,,-999
cheng,Song et al 2007,,,,CWSF,3.00E+00,0.4,,,,,,,-999
shen,"Song et al., 2005c",Jiangsu,120,31.4,wetland,0.3,0.1,67.2,3.769,64.5,28.5,,,
shen,"Song et al., 2019a",Anhui,118.4,29.9,wetland,11,0.9,3674,0.011,11.7,18.5,,,
shen,"Song et al., 2019a",Anhui,118.4,29.9,wetland,11,1.2,5745,0.01,10.3,18.5,,,
shen,"Song et al., 2019a",Anhui,118.4,29.9,wetland,11,0.9,4677,0.01,9.9,18.5,,,
shen,"Song et al., 2019a",Anhui,118.4,29.9,wetland,11,0.9,2042,0.006,6.2,18.5,,,
shen,"Song et al., 2019a",Anhui,118.4,29.9,wetland,11,0.9,13652,0.006,6,18.5,,,
shen,"Song et al., 2019b",Jiangsu,119,33.3,wetland,10,0.3,,0.024,21.4,3.8,,,
shen,"Song et al., 2019b",Jiangsu,119,33.3,wetland,10,0.3,,0.042,34,1.3,,,
shen,"Song et al., 2019b",Jiangsu,119,33.3,wetland,10,0.3,,0.04,32.9,1.4,,,
shen,"Song et al., 2019b",Jiangsu,119,33.3,wetland,10,0.3,,0.073,51.9,3.3,,,
shen,"Song, 2006",Liaoning,121.5,38.9,wetland,3,1.1,2.1,0.55,80.8,23.1,,,
shen,"Song, 2006",Liaoning,121.5,38.9,wetland,2,1.1,2.1,0.714,76,24.5,,,
shen,"Song, 2010",Tianjin,117.2,39.1,wetland,2.4,0.65,1.8,0.185,36.4,29,,,
shen,"Song, 2014",Jiangxi,115.9,28.7,wetland,2,0.75,2.5,0.515,64.3,27,,,
shen,"Song, 2015",Jiangsu,118.8,31.9,wetland,3,0.75,150,0.097,25.2,20,,,
shen,"Song, 2015",Jiangsu,118.8,31.9,wetland,3,0.75,144,0.113,28.8,20,,,
cheng,Spieles  1999,USA,,,CWSF,3.20E+00,,3.00E+04,0.159,,,2.07E-01,3.69E+01,9.90E+05
cheng,Spieles  1999,USA,,,CWSF,2.70E+00,,1.00E+04,0.158,,,1.98E-01,4.60E+00,3.66E+05
cheng,Spieles  1999,USA,,,CWSF,2.80E+00,,1.00E+04,0.172,,,2.22E-01,4.70E+00,3.45E+05
shen,"Sun et al., 2020",Chongqing,104.5,29.6,wetland,3,1.15,1.08,0.197,44.7,22.6,,,
shen,"Sun et al., 2021",Jiangsu,118.3,34,wetland,10,,,0.066,48.2,,,,
shen,"Sun et al., 2021",Jiangsu,118.3,34,wetland,20,,,0.066,73.1,,,,
shen,"Sun et al., 2021",Jiangsu,118.3,34,wetland,30,,,0.051,78.6,,,,
shen,"Tan et al., 2006",Hubei,114.2,30.5,wetland,1.2,1,33.7,0.723,58,12.5,,,
shen,"Tan et al., 2007",Hubei,114.2,30.5,wetland,0.6,1,33.7,0.647,29.9,24.6,,,
shen,"Tan, 2015",Yunnan,102.9,25.3,wetland,10.8,,,0.134,76.5,24,,,
shen,"Tan, 2015",Yunnan,102.9,25.3,wetland,0.9,,,0.131,11.3,24,,,
shen,"Tang et al., 2004",Yunnan,102.7,25,wetland,0.5,0.6,6,1.055,41,,,,
shen,"Tang et al., 2008",Tianjin,,,wetland,0.5,1.3,0.2,2.395,69.8,25.9,,,
shen,"Tang et al., 2008",Tianjin,,,wetland,0.5,1.3,0.2,1.786,59.1,14.6,,,
shen,"Tang, 2012",Shandong,117,36.6,wetland,5,1.5,4.5,0.058,25.4,16,,,
shen,"Tang, 2012",Shandong,117,36.6,wetland,7,1.5,4.5,0.053,31.2,16,,,
shen,"Tang, 2020",Shanghai,121.7,31.4,wetland,3,2.5,4,0.067,18.2,28,,,
cheng,Tanner et al 1995,New Zealand,,,CWSF,2.00E+00,0.6,1.90E+01,0.328,,,4.64E-01,5.13E-02,-1.00E+03
cheng,Tanner et al 1995,,,,CWSF,3.00E+00,0.6,1.90E+01,0.279,,,4.36E-01,2.85E-02,-1.00E+03
cheng,Tanner et al 1995,,,,CWSF,5.50E+00,0.6,1.90E+01,0.267,,,6.09E-01,1.90E-02,-1.00E+03
cheng,Tanner et al 1995,,,,CWSF,7.00E+00,0.6,1.90E+01,0.235,,,5.95E-01,1.18E-02,-1.00E+03
shen,"Tao et al., 2021",Jiangsu,119.8,31.3,wetland,1.3,,450,0.621,54,22.4,,,
shen,"Teng et al., 2020",Jiangsu,118.9,32.1,wetland,1.5,0.67,0.39,0.52,54.2,30,,,
shen,"Teng et al., 2020",Jiangsu,118.9,32.1,wetland,1.5,0.67,0.39,0.769,68.4,30,,,
shen,"Tie et al., 2006",Jiangsu,120,31.4,wetland,4.8,0.45,1.02,0.325,79,30,,,
cheng,Tonderski et al.  2005,Sweden,,,CWSF,2.60E+00,,7.50E+03,,,,,,2.85E+03
cheng,Tonderski et al.  2005,Sweden,,,CWSF,3.60E+00,,1.00E+04,,,,,,2.10E+03
cheng,Tonderski et al.  2005,Sweden,,,CWSF,6.00E-01,,6.50E+03,,,,,,1.17E+04
cheng,van Oostrom 1995,New Zealand,,,CWSF,7.00E+00,0.4,2.88E+00,0.0954,,,1.36E-01,3.24E-02,6.01E+01
cheng,van Oostrom 1995,New Zealand,,,CWSF,7.00E+00,0.4,2.88E+00,0.0926,,,1.30E-01,3.24E-02,6.01E+01
cheng,van Oostrom 1995,New Zealand,,,CWSF,7.00E+00,0.4,2.88E+00,0.0997,,,1.44E-01,3.24E-02,6.01E+01
cheng,van Oostrom 1995,New Zealand,,,CWSF,7.00E+00,0.4,2.88E+00,0.0409,,,4.73E-02,3.24E-02,6.01E+01
cheng,Vohla et al  2006,Estonia,,,CWUF,2.00E+00,1,1.56E+02,,,,,,-9.99E+02
shen,"Wan et al., 2014",,,,wetland,2,0.5,1.5,0.434,58,27.8,,,
shen,"Wan et al., 2014",,,,wetland,2,0.5,1.5,0.378,53,14.8,,,
shen,"Wan et al., 2014",,,,wetland,2,0.5,1.5,0.281,43,1,,,
shen,"Wan et al., 2014",,,,wetland,2,0.5,1.5,0.399,55,17.5,,,
shen,"Wan, 2016",Jiangxi,115.9,28.7,wetland,3,0.48,1.86,0.161,38.3,11,,,
shen,"Wan, 2016",Jiangxi,115.9,28.7,wetland,3.5,0.48,1.86,0.151,41,11,,,
shen,"Wan, 2017",Guangxi,110.6,25.3,wetland,6.1,0.45,417,0.025,13.9,22.8,,,
shen,"Wan, 2017",Guangxi,110.6,25.3,wetland,4.8,0.45,417,0.033,14.6,22.8,,,
shen,"Wang et al., 1998",Jiangsu,120.3,31.5,wetland,7,1.2,200,0.118,56.3,25,,,
shen,"Wang et al., 2006",Jiangsu,120,31.4,wetland,6,1.6,970,0.018,10.5,5,,,
shen,"Wang et al., 2006",Jiangsu,120,31.4,wetland,6,1.62,970,0.077,37,11,,,
shen,"Wang et al., 2006",Jiangsu,120,31.4,wetland,7,1.7,970,0.171,69.7,30.5,,,
shen,"Wang et al., 2014",Jiangsu,120.3,31,wetland,1.5,0.7,1400,0.456,48.6,29.3,,,
shen,"Wang et al., 2014",Jiangsu,120.3,31,wetland,1.5,0.7,1400,0.337,38.9,20,,,
shen,"Wang et al., 2014",Jiangsu,120.3,31,wetland,1.5,0.7,1400,0.313,36.7,6.5,,,
shen,"Wang et al., 2014",Jiangsu,120.3,31,wetland,1.5,0.7,1400,0.351,40.1,17.7,,,
shen,"Wang et al., 2015",Jiangsu,120,33.3,wetland,23,,2080000,0.013,25,16,,,
shen,"Wang et al., 2015",Jiangsu,120,33.3,wetland,23,,2080000,0.066,78.3,27.5,,,
shen,"Wang et al., 2015",Jiangsu,120,33.3,wetland,23,,2080000,0.043,62.5,17.7,,,
shen,"Wang et al., 2015",Jiangsu,120,33.3,wetland,23,,2080000,0.013,26.7,4,,,
shen,"Wang et al., 2016a",Zhejiang,120.7,30.8,wetland,4,,206677,0.053,19.2,16,,,
shen,"Wang et al., 2016a",Zhejiang,120.7,30.8,wetland,4,,206677,0.036,13.4,16,,,
shen,"Wang et al., 2016b",Zhejiang,120.1,30.2,wetland,2.5,,,0.362,59.5,19.4,,,
shen,"Wang et al., 2017",Hunan,113.3,28.6,wetland,5,0.3,120,0.306,78.3,24.6,,,
shen,"Wang et al., 2018",Guangdong,113.4,23,wetland,1.5,,0.48,0.176,23.8,27.5,,,
shen,"Wang et al., 2018",Guangdong,113.4,23,wetland,1.5,,0.48,0.119,16.7,17.9,,,
shen,"Wang et al., 2018",Guangdong,113.4,23,wetland,1.5,,0.48,0.11,15.6,28.2,,,
shen,"Wang et al., 2018",Guangdong,113.4,23,wetland,1.5,,0.48,0.61,60.9,30.9,,,
shen,"Wang et al., 2018",Guangdong,113.4,23,wetland,1.5,,0.48,0.309,37.9,24.9,,,
shen,"Wang et al., 2018",Guangdong,113.4,23,wetland,1.5,,0.48,0.163,22.3,18.2,,,
shen,"Wang et al., 2018",Guangdong,113.4,23,wetland,1.5,,0.48,0.308,37.8,21.5,,,
shen,"Wang et al., 2018",Guangdong,113.4,23,wetland,1.5,,0.48,0.127,17.7,30.5,,,
shen,"Wang et al., 2018",Guangdong,113.4,23,wetland,1.5,,0.48,0.102,14.6,24.9,,,
shen,"Wang et al., 2018",Guangdong,113.4,23,wetland,1.5,,0.48,0.081,11.7,14.3,,,
shen,"Wang et al., 2018",Guangdong,113.4,23,wetland,1.5,,0.48,0.06,8.8,21,,,
shen,"Wang et al., 2018",Guangdong,113.4,23,wetland,1,,0.48,0.366,30.6,27.5,,,
shen,"Wang et al., 2018",Guangdong,113.4,23,wetland,1,,0.48,0.474,37.7,17.9,,,
shen,"Wang et al., 2018",Guangdong,113.4,23,wetland,1,,0.48,0.795,54.9,28.2,,,
shen,"Wang et al., 2018",Guangdong,113.4,23,wetland,1,,0.48,1.083,66.1,30.9,,,
shen,"Wang et al., 2018",Guangdong,113.4,23,wetland,1,,0.48,0.593,44.7,24.9,,,
shen,"Wang et al., 2018",Guangdong,113.4,23,wetland,1,,0.48,0.429,34.9,18.2,,,
shen,"Wang et al., 2018",Guangdong,113.4,23,wetland,1,,0.48,0.338,28.7,21.5,,,
shen,"Wang et al., 2018",Guangdong,113.4,23,wetland,1,,0.48,0.295,25.6,30.5,,,
shen,"Wang et al., 2018",Guangdong,113.4,23,wetland,1,,0.48,0.354,29.8,24.9,,,
shen,"Wang et al., 2018",Guangdong,113.4,23,wetland,1,,0.48,0.202,18.3,14.3,,,
shen,"Wang et al., 2018",Guangdong,113.4,23,wetland,1,,0.48,0.125,11.8,21,,,
shen,"Wang et al., 2019a",Henan,114.2,32.1,wetland,7,1.7,1500,0.154,66,19,,,
shen,"Wang et al., 2019a",Henan,114.2,32.1,wetland,7,1.7,1500,0.187,73,19,,,
shen,"Wang et al., 2019b",Hunan,112.9,28.1,wetland,0.6,,,0.279,16,25,,,
shen,"Wang et al., 2020",Jiangsu,120.3,31.5,wetland,1,0.5,,0.869,58.1,12.7,,,
shen,"Wang et al., 2021",Hunan,118.7,31.3,wetland,31,0.5,1597,0.114,97.1,17.5,,,
shen,"Wang, 2008",Shanghai,121.5,31.7,wetland,70,1.5,50000,0.006,35.4,8.5,,,
shen,"Wang, 2008",Shanghai,121.5,31.7,wetland,70,1.5,50000,0.012,57.2,16.2,,,
shen,"Wang, 2008",Shanghai,121.5,31.7,wetland,70,1.5,50000,0.024,80.8,27,,,
shen,"Wang, 2011",Jiangsu,120.3,31.5,wetland,5,,6,0.018,8.7,8,,,
shen,"Wang, 2012",Shaanxi,109,34.1,wetland,5,,1340,0.08,33,16,,,
shen,"Wang, 2013",Liaoning,121.5,38.9,wetland,8,0.35,26,0.053,34.7,26,,,
shen,"Wang, 2015a",Yunnan,102.7,24.7,wetland,2,2,62.4,0.074,13.8,17.6,,,
shen,"Wang, 2015a",Yunnan,102.7,24.7,wetland,2,1,25.55,0.051,9.7,17.6,,,
shen,"Wang, 2015a",Yunnan,102.7,24.7,wetland,2,1.4,29.5,0.069,12.9,17.6,,,
shen,"Wang, 2015a",Yunnan,102.7,24.7,wetland,2,1.25,15,0.056,10.6,17.6,,,
shen,"Wang, 2015a",Yunnan,102.7,24.7,wetland,2,1,15,0.073,13.6,17.6,,,
shen,"Wang, 2015b",Jiangsu,121,31.5,wetland,1.8,0.8,1.2,0.217,32.8,31.5,,,
shen,"Wang, 2019a",Liaoning,123.6,41.8,wetland,15,,,0.069,64.7,15,,,
shen,"Wang, 2020a",Inner Mongolia,109.9,40.6,wetland,0.2,0.2,15,1.444,29.9,23,,,
shen,"Wang, 2020a",Inner Mongolia,109.9,40.6,wetland,0.5,0.2,15,0.873,34.8,21,,,
shen,"Wang, 2020a",Inner Mongolia,109.9,40.6,wetland,0.7,0.2,15,0.981,50.8,21,,,
shen,"Wang, 2020a",Inner Mongolia,109.9,40.6,wetland,1,0.2,15,0.752,52.7,17.5,,,
shen,"Wang, 2020b",Anhui,117.3,31.9,wetland,3,0.1,1.05,0.76,89.8,25.1,,,
shen,"Wang, 2020c",Shandong,117,36.6,wetland,3,,,0.236,50.8,28.5,,,
shen,"Wang, 2020c",Shandong,117,36.6,wetland,6,,,0.203,70.4,28.5,,,
shen,"Wei et al., 2017",Beijing,116.8,40.1,wetland,2.3,,,0.114,23,8.3,,,
cheng,Wu  2011,China,,,CWSF,1.00E+01,0.5,3.51E+00,0.113,,,2.09E-01,,-9.99E+02
cheng,Wu et al  2008,Hong Kong,,,CWUF,5.00E+00,,,0.0575,,,6.67E-02,,-9.99E+02
cheng,Wu et al  2008,Hong Kong,,,CWUF,1.00E+01,,,0.0235,,,2.65E-02,,-9.99E+02
shen,"Wu et al., 2011",Shandong,117.1,36.7,wetland,10,0.15,3.51,0.094,60.9,18.3,,,
shen,"Wu et al., 2011",Shandong,117.1,36.7,wetland,10,0.15,3.51,0.093,60.6,18.3,,,
shen,"Wu et al., 2011",Shandong,117.1,36.7,wetland,10,0.15,3.51,0.109,66.4,18.3,,,
shen,"Wu et al., 2011",Shandong,117.1,36.7,wetland,10,0.15,3.51,0.113,67.7,18.3,,,
shen,"Wu et al., 2012",Jiangxi,116,28.4,wetland,5,0.2,90,0.332,81,32.5,,,
shen,"Wu et al., 2012",Jiangxi,116,28.4,wetland,7,0.2,90,0.271,85,32.8,,,
shen,"Wu et al., 2012",Jiangxi,116,28.4,wetland,5,0.2,90,0.143,51,18.3,,,
shen,"Wu et al., 2012",Jiangxi,116,28.4,wetland,7,0.2,90,0.135,61,20.2,,,
shen,"Wu et al., 2015",Jiangsu,120.1,31.7,wetland,0.5,0.4,1200,2.279,68,17,,,
shen,"Wu et al., 2015",Jiangsu,120.1,31.7,wetland,0.5,0.4,1200,0.685,29,17,,,
shen,"Wu et al., 2018",Yunnan,,,wetland,1.8,0.5,4,0.568,64,18.6,,,
shen,"Wu et al., 2018",Yunnan,,,wetland,1.8,0.5,4,1.006,83.6,18.6,,,
shen,"Xia and Cui, 2017",Hubei,114.3,30.6,wetland,1,0.8,3,0.95,61.3,,,,
shen,"Xia, 2012",Jiangsu,120,31.4,wetland,10,0.5,1.5,0.056,43.1,28.5,,,
shen,"Xia, 2012",Jiangsu,120,31.4,wetland,10,0.5,1.5,0.066,48.3,28.5,,,
shen,"Xia, 2012",Jiangsu,120,31.4,wetland,10,0.5,1.5,0.087,58.2,28.5,,,
shen,"Xiang et al., 2009",Shanghai,,,wetland,10,,,0.121,70.1,25,,,
shen,"Xiang et al., 2009",Shanghai,,,wetland,20,,,0.09,83.5,25,,,
shen,"Xiang et al., 2009",Shanghai,,,wetland,30,,,0.07,87.8,25,,,
shen,"Xiao et al., 2012a",Hubei,114.4,30.6,wetland,2,,,0.039,7.6,18.1,,,
shen,"Xiong et al., 2019",Shaanxi,,,wetland,4,0.7,,0.132,41,20,,,
shen,"Xiu et al., 2008",Shandong,116.8,36.7,wetland,6,0.15,91.2,0.137,56.2,19.5,,,
shen,"Xiu, 2011",Beijing,115.9,40.4,wetland,3.9,1.35,450,0.027,9.9,9.1,,,
shen,"Xiu, 2011",Beijing,115.9,40.4,wetland,3.9,1.35,450,0.227,58.3,23.2,,,
shen,"Xiu, 2011",Beijing,115.9,40.4,wetland,3.9,1.35,450,0.081,26.7,13.7,,,
shen,"Xiu, 2011",Beijing,115.9,40.4,wetland,3.9,1.35,450,0.029,10.7,1.4,,,
shen,"Xu et al., 2006",Shanghai,121.4,31.3,wetland,4.1,1.1,2600,0.067,24.3,18.5,,,
shen,"Xu et al., 2011",Guangxi,110.3,25.3,wetland,2,0.9,3,0.049,9.3,11,,,
shen,"Xu et al., 2011",Guangxi,110.3,25.3,wetland,2,0.9,3,0.296,44.7,24.4,,,
shen,"Xu et al., 2014",Jiangsu,120.8,31.8,wetland,1,0.1,0.49,0.412,33.8,26.5,,,
shen,"Xu et al., 2014",Jiangsu,120.8,31.8,wetland,1,0.1,0.21,1.238,71,26.5,,,
shen,"Xu et al., 2016",Yunnan,102.9,24.6,wetland,3,,,0.224,48.9,18,,,
shen,"Xu et al., 2017",Shanghai,121.7,31.7,wetland,6,0.8,,0.168,63.5,27.8,,,
shen,"Xu et al., 2017",Shanghai,121.7,31.7,wetland,4,0.8,,0.205,55.9,25.2,,,
shen,"Xu et al., 2017",Shanghai,121.7,31.7,wetland,2,0.8,,0.159,27.2,20,,,
shen,"Xu et al., 2017",Shanghai,121.7,31.7,wetland,3,0.8,,0.041,11.5,16,,,
shen,"Xu et al., 2017",Shanghai,121.7,31.7,wetland,5,0.8,,0.079,32.8,10.4,,,
shen,"Xu et al., 2019",Zhejiang,120.2,30.2,wetland,1.5,1.08,60,0.338,39.7,18.8,,,
shen,"Xu et al., 2019",Zhejiang,120.2,30.2,wetland,1.5,1.08,60,0.409,45.9,18.6,,,
shen,"Xu et al., 2019",Zhejiang,120.2,30.2,wetland,1.5,1.08,60,0.52,54.1,19.7,,,
shen,"Xu et al., 2019",Zhejiang,120.2,30.2,wetland,1.5,1.08,60,0.35,40.8,19.6,,,
shen,"Xu et al., 2019",Zhejiang,120.2,30.2,wetland,1.5,1.08,60,0.456,49.5,19.1,,,
shen,"Xu et al., 2021",Shandong,117.1,36.6,wetland,0.5,0.8,0.67,0.421,19,,,,
shen,"Xu et al., 2021",Shandong,117.1,36.6,wetland,1,0.8,0.67,0.375,31.3,,,,
shen,"Xu et al., 2021",Shandong,117.1,36.6,wetland,2,0.8,0.67,0.59,69.3,,,,
shen,"Xu et al., 2021",Shandong,117.1,36.6,wetland,3,0.8,0.67,0.493,77.2,,,,
shen,"Xu et al., 2021",Shandong,117.1,36.6,wetland,0.5,0.8,0.67,1.494,52.6,,,,
shen,"Xu et al., 2021",Shandong,117.1,36.6,wetland,1,0.8,0.67,0.946,61.2,,,,
shen,"Xu et al., 2021",Shandong,117.1,36.6,wetland,2,0.8,0.67,0.809,80.2,,,,
shen,"Xu et al., 2021",Shandong,117.1,36.6,wetland,3,0.8,0.67,0.618,84.3,,,,
shen,"Xu et al., 2022",Shanghai,,,wetland,0.2,0.5,512,6.996,65,18.5,,,
shen,"Xu et al., 2022",Shanghai,,,wetland,0.2,0.5,512,7.286,66.5,18.5,,,
shen,"Xu, 2007",Zhejiang,120.7,30.8,wetland,5,,110,0.11,42.2,23.2,,,
shen,"Xu, 2007",Zhejiang,120.7,30.8,wetland,5,,110,0.137,49.6,23.2,,,
shen,"Xu, 2012",Shanghai,121,31,wetland,5,0.9,91.38,0.114,43.3,29,,,
cheng,Yalcuk and Ugurlu  2008,Turkey,,,CWUF,1.10E+01,0.265,5.00E-01,,,,,,3.65E+00
cheng,Yalcuk and Ugurlu  2008,Turkey,,,CWUF,8.00E+00,0.4,5.00E-01,,,,,,3.65E+00
cheng,Yalcuk and Ugurlu  2008,Turkey,,,CWUF,1.25E+01,0.4,5.00E-01,,,,,,3.65E+00
shen,"Yan et al., 1999",Anhui,117.5,31.6,wetland,6,1.7,710,0.219,73.2,,,,
shen,"Yan et al., 2011",Fujian,118.9,27.4,wetland,1,0.35,,0.584,44.2,20,,,
shen,"Yan et al., 2011",Fujian,118.9,27.4,wetland,2,0.35,,0.465,60.6,20,,,
shen,"Yan et al., 2011",Fujian,118.9,27.4,wetland,4,0.35,,0.328,73.1,20,,,
shen,"Yan et al., 2011",Fujian,118.9,27.4,wetland,6,0.35,,0.207,71.2,20,,,
shen,"Yan et al., 2011",Fujian,118.9,27.4,wetland,8,0.35,,0.219,82.7,20,,,
shen,"Yan et al., 2016",,,,wetland,0.3,,,0.1,2.9,11,,,
shen,"Yan et al., 2016",,,,wetland,0.3,,,0.145,4.2,17,,,
shen,"Yan et al., 2016",,,,wetland,0.3,,,0.211,6.1,24,,,
shen,"Yang et al., 2008a",,,,wetland,6,0.6,80,0.003,2,7.5,,,
shen,"Yang et al., 2008a",,,,wetland,6,0.6,80,0.029,16,22.3,,,
shen,"Yang et al., 2008a",,,,wetland,6,0.6,80,0.035,19,28.1,,,
shen,"Yang et al., 2008a",,,,wetland,6,0.6,80,0.009,5,12.3,,,
shen,"Yang et al., 2008b",Shanghai,121.5,31.7,wetland,2.9,0.8,,0.23,48.5,31.5,,,
shen,"Yang et al., 2015",Guizhou,106.6,26.6,wetland,5,,54.88,0.014,6.8,18.2,,,
shen,"Yang et al., 2015",Guizhou,106.6,26.6,wetland,5,,65.52,0.321,79.9,18.2,,,
shen,"Yang et al., 2015",Guizhou,106.6,26.6,wetland,5,,47.6,0.379,85,18.2,,,
shen,"Yang et al., 2015",Guizhou,106.6,26.6,wetland,5,,78.4,0.505,92,18.2,,,
shen,"Yang et al., 2016",Jiangsu,121,31.3,wetland,6,,245,0.211,71.8,,,,
shen,"Yang et al., 2016",Jiangsu,121,31.3,wetland,6,,245,0.191,68.2,,,,
shen,"Yang, 2003",Guangdong,113.4,23.1,wetland,5,0.06,2,0.486,91.2,28,,,
shen,"Yang, 2003",Guangdong,113.4,23.1,wetland,5,0.06,2,0.433,88.5,29,,,
shen,"Yang, 2003",Guangdong,113.4,23.1,wetland,5,0.06,2,0.556,93.8,30.5,,,
shen,"Yang, 2003",Guangdong,113.4,23.1,wetland,5,0.06,2,0.314,79.2,30.5,,,
shen,"Yang, 2003",Guangdong,113.4,23.1,wetland,5,0.06,2,0.412,87.3,29,,,
shen,"Yang, 2003",Guangdong,113.4,23.1,wetland,5,0.06,2,0.136,49.3,25.5,,,
shen,"Yang, 2003",Guangdong,113.4,23.1,wetland,5,0.06,2,0.113,43.2,22.5,,,
shen,"Yang, 2003",Guangdong,113.4,23.1,wetland,5,0.06,2,0.443,89.1,16,,,
shen,"Ye, 2013",Yunnan,102.8,25.3,wetland,0.5,0.6,2,3.121,79,17.5,,,
shen,"Ye, 2013",Yunnan,102.8,25.3,wetland,1,0.6,2,2.12,88,17.5,,,
shen,"Ye, 2013",Yunnan,102.8,25.3,wetland,2,0.6,2,0.554,67,17.5,,,
shen,"Ye, 2013",Yunnan,102.8,25.3,wetland,3,0.6,2,0.341,64,17.5,,,
shen,"Yin et al., 2006",Hubei,114.2,30.6,wetland,7.5,,1000,0.301,89.5,25.5,,,
shen,"You, 2020",Jiangxi,116,28.4,wetland,0.3,0.2,1.44,1.849,42.6,26,,,
shen,"You, 2020",Jiangxi,116,28.4,wetland,0.6,0.2,1.44,1.179,50.7,26,,,
shen,"You, 2020",Jiangxi,116,28.4,wetland,1,0.2,1.44,0.807,55.4,26,,,
shen,"Yu et al., 2012",Sichuan,104.1,30.6,wetland,3,0.55,1.05,0.547,80.6,27.5,,,
shen,"Yu et al., 2012",Sichuan,104.1,30.6,wetland,3,0.55,1.05,0.77,90.1,27.5,,,
shen,"Yu et al., 2021",Beijing,116.3,40.1,wetland,3,0.8,0.5,0.56,81.4,18.9,,,
shen,"Yu et al., 2022",Hubei,103,24.6,wetland,6,0.29,0.51,0.245,77,,,,
shen,"Yu et al., 2022",Hubei,103,24.6,wetland,6,0.29,0.51,0.185,67,,,,
shen,"Yu et al., 2022",Hubei,103,24.6,wetland,6,0.26,0.51,0.163,62.3,,,,
shen,"Yu, 2012",Hunan,113.4,28.5,wetland,4,0.15,60,0.058,20.6,28,,,
shen,"Yuan et al., 2006",Chongqing,106.5,29.6,wetland,1.3,0.7,16,0.266,28.3,31,,,
shen,"Yuan et al., 2006",Chongqing,106.5,29.6,wetland,1.5,0.7,16,0.211,27.1,31,,,
shen,"Yuan, 2006",Jiangsu,119.9,31.3,wetland,9,1.5,240,0.055,38.8,25.4,,,
shen,"Yun et al., 1993",Hubei,114.2,30.6,wetland,12.9,1.5,4300,0.096,71,30.8,,,
shen,"Yun et al., 1993",Hubei,114.2,30.6,wetland,12.9,1.5,4300,-0.014,-20.1,26.5,,,
shen,"Yun et al., 1993",Hubei,114.2,30.6,wetland,12.9,1.5,4300,0.031,32.8,19,,,
shen,"Yun et al., 1993",Hubei,114.2,30.6,wetland,12.9,1.5,4300,0.003,4.2,14.3,,,
shen,"Yun et al., 1993",Hubei,114.2,30.6,wetland,12.9,1.5,4300,0.004,5.2,8.7,,,
shen,"Yun et al., 1993",Hubei,114.2,30.6,wetland,12.9,1.5,4300,0.006,7,7.5,,,
shen,"Yun et al., 1993",Hubei,114.2,30.6,wetland,12.9,1.5,4300,0.007,8.8,9,,,
shen,"Yun et al., 1993",Hubei,114.2,30.6,wetland,12.9,1.5,4300,0.045,43.8,11.5,,,
shen,"Yun et al., 1993",Hubei,114.2,30.6,wetland,12.9,1.5,4300,0.046,44.8,15,,,
shen,"Yun et al., 1993",Hubei,114.2,30.6,wetland,12.9,1.5,4300,0.025,27.2,19.5,,,
shen,"Yun et al., 1993",Hubei,114.2,30.6,wetland,12.9,1.5,4300,0.015,18,25,,,
shen,"Zhai, 2017",Jiangsu,120,31.4,wetland,1.1,0.4,12,1.036,68,32,,,
cheng,Zhang  2011,China,,,CWSF,9.10E+00,,,0.294,,,1.48E+00,1.04E+01,4.38E+04
shen,"Zhang and Wang, 2018",Hebei,114.5,36.6,wetland,0.5,1.5,40,1.425,51,24.1,,,
shen,"Zhang and Zhao, 2021",Jiangsu,119.1,33.6,wetland,3,0.9,,0.605,83.7,22,,,
shen,"Zhang and Zhao, 2021",Jiangsu,119.1,33.6,wetland,3,0.9,,0.199,45,10.2,,,
shen,"Zhang et al., 1998",Hubei,114.4,30.5,wetland,4,0.4,0.69,0.15,45.2,23,,,
shen,"Zhang et al., 1998",Hubei,114.4,30.5,wetland,4,0.4,0.69,0.17,49.3,23,,,
shen,"Zhang et al., 2002",,,,wetland,0.5,0.2,6,0.391,17.8,,,,
shen,"Zhang et al., 2002",,,,wetland,1,0.2,6,0.479,38.1,,,,
shen,"Zhang et al., 2002",,,,wetland,2,0.2,6,0.839,81.3,,,,
shen,"Zhang et al., 2002",,,,wetland,3,0.2,6,0.677,86.9,,,,
shen,"Zhang et al., 2003",Yunnan,102.8,24.8,wetland,1,0.4,15,0.476,37.9,10,,,
shen,"Zhang et al., 2003",Yunnan,102.8,24.8,wetland,3,0.4,15,0.267,55.1,10,,,
shen,"Zhang et al., 2003",Yunnan,102.8,24.8,wetland,5,0.4,15,0.289,76.4,10,,,
shen,"Zhang et al., 2003",Yunnan,102.8,24.8,wetland,7,0.4,15,0.243,81.7,10,,,
shen,"Zhang et al., 2006",Beijing,116.8,40.1,wetland,6,0.1,107.1,0.489,94.7,27.2,,,
shen,"Zhang et al., 2007a",Shanghai,121.4,31,wetland,1,0.02,0.43,1.377,74.8,20.5,,,
shen,"Zhang et al., 2007a",Shanghai,121.4,31,wetland,1,0.15,0.43,0.505,39.6,20.5,,,
shen,"Zhang et al., 2007b",Yunnan,102.8,24.8,wetland,3.4,,16,0.253,57.2,20,,,
shen,"Zhang et al., 2009",Anhui,117.4,31.5,wetland,10,0.5,1800,0.221,89,29.5,,,
shen,"Zhang et al., 2009",Anhui,117.4,31.5,wetland,10,0.5,1800,0.05,39.2,29,,,
shen,"Zhang et al., 2009",Anhui,117.4,31.5,wetland,10,0.5,1800,0.03,26,25,,,
shen,"Zhang et al., 2009",Anhui,117.4,31.5,wetland,10,0.5,1800,0.011,10.5,18.5,,,
shen,"Zhang et al., 2011",Beijing,116.5,40.2,wetland,9.1,0.45,2592,0.294,93.1,21.6,,,
shen,"Zhang et al., 2012",Shanghai,121.4,31.2,wetland,1,0.75,0.21,0.167,15.3,25,,,
shen,"Zhang et al., 2012",Shanghai,121.4,31.2,wetland,2,0.75,0.21,0.155,26.7,25,,,
shen,"Zhang et al., 2014",Zhejiang,121.3,29.8,wetland,0.8,,,0.305,22.4,9,,,
shen,"Zhang et al., 2014",Zhejiang,121.3,29.8,wetland,0.8,,,0.448,31.1,22.8,,,
shen,"Zhang et al., 2014",Zhejiang,121.3,29.8,wetland,0.8,,,0.963,55,29,,,
shen,"Zhang et al., 2014",Zhejiang,121.3,29.8,wetland,0.8,,,0.683,43.3,15,,,
shen,"Zhang et al., 2015a",,,,wetland,6,0.28,,0.099,44.7,20,,,
shen,"Zhang et al., 2015a",,,,wetland,12,0.28,,0.118,75.8,20,,,
shen,"Zhang et al., 2015b",Hubei,112.3,30.3,wetland,4.6,1,3,0.067,26.4,31.5,,,
shen,"Zhang et al., 2015b",Hubei,112.3,30.3,wetland,4.1,1,3,0.018,7.2,30,,,
shen,"Zhang et al., 2016",Zhejiang,120.1,27.8,wetland,1,1.6,3080,1.105,66.9,,,,
shen,"Zhang et al., 2018a",Shandong,117.1,36.7,wetland,1,0.85,1.2,0.654,48,15.2,,,
shen,"Zhang et al., 2018a",Shandong,117.1,36.7,wetland,2,0.85,1.2,0.511,64,15.2,,,
shen,"Zhang et al., 2018b",Shandong,117.1,36.7,wetland,1,0.9,0.6,0.228,20.4,26.8,,,
shen,"Zhang et al., 2018b",Shandong,117.1,36.7,wetland,2,0.9,0.6,0.213,34.7,26.8,,,
shen,"Zhang et al., 2018b",Shandong,117.1,36.7,wetland,4,0.9,0.6,0.131,40.8,26.8,,,
shen,"Zhang et al., 2018c",Yunnan,100.2,25.7,wetland,14,2,10,0.126,82.9,16.5,,,
shen,"Zhang et al., 2020",Anhui,117.2,31.8,wetland,2.6,0.49,0.42,0.453,69.2,27.5,,,
shen,"Zhang et al., 2020",Shandong,117.1,36.7,wetland,1,0.95,1.6,1.13,67.7,29.5,,,
shen,"Zhang et al., 2021",Hebei,116,38.8,wetland,30,1.6,4,0.055,81.1,27.5,,,
shen,"Zhang et al., 2021",Hebei,116,38.8,wetland,50,1.6,4,0.048,91,27.5,,,
shen,"Zhang, 2006",Beijing,116.8,40.1,wetland,1,1.1,12.4,0.511,40,28,,,
shen,"Zhang, 2006",Beijing,116.8,40.1,wetland,2,1.1,12.4,0.378,53,28,,,
shen,"Zhang, 2007a",Shanghai,121.5,31.3,wetland,2,0.45,0.48,0.456,59.8,29,,,
shen,"Zhang, 2007a",Shanghai,121.5,31.3,wetland,2,0.45,0.48,0.629,71.6,20.6,,,
shen,"Zhang, 2007a",Shanghai,121.5,31.3,wetland,2,0.45,0.48,0.44,58.5,7,,,
shen,"Zhang, 2007a",Shanghai,121.5,31.3,wetland,2,0.45,0.48,0.02,4,17.6,,,
shen,"Zhang, 2007b",Hubei,114.2,30.5,wetland,7.5,,1034,0.062,37,17.5,,,
shen,"Zhang, 2009a",Beijing,116.5,40.1,wetland,7,0.65,20,0.157,66.7,23.5,,,
shen,"Zhang, 2009c",Jiangsu,119.6,34.2,wetland,2,1.1,2.24,0.411,56,15.3,,,
shen,"Zhang, 2009c",Jiangsu,119.6,34.2,wetland,4,1.1,2.24,0.203,55.6,27,,,
shen,"Zhang, 2009c",Jiangsu,119.6,34.2,wetland,2,1.1,2.24,0.715,76.1,15.3,,,
shen,"Zhang, 2009c",Jiangsu,119.6,34.2,wetland,4,1.1,2.24,0.358,76.1,27,,,
shen,"Zhang, 2010",Shanghai,121.5,31.7,wetland,3,1.2,6,0.171,40.1,28.3,,,
shen,"Zhang, 2013a",Heilongjiang,133.5,47.6,wetland,3,,7.5,0.147,35.8,21.5,,,
shen,"Zhang, 2013b",Jiangsu,119,32.1,wetland,3,1,5,0.331,63,19.5,,,
shen,"Zhang, 2014",Hebei,114.6,36.7,wetland,3,,3,0.11,28.2,12,,,
shen,"Zhang, 2014",Hebei,114.6,36.7,wetland,3,,5.4,0.223,48.7,12,,,
shen,"Zhang, 2016",Shandong,117.1,35,wetland,68,,630000,0.027,84,16.7,,,
shen,"Zhang, 2016",Shandong,117.1,35,wetland,68,,630000,0.039,93,27.8,,,
shen,"Zhang, 2016",Shandong,117.1,35,wetland,68,,630000,0.03,87,16.1,,,
shen,"Zhang, 2016",Shandong,117.1,35,wetland,68,,630000,0.013,59,5,,,
shen,"Zhang, 2020a",Jiangsu,119.5,32.2,wetland,1,0.09,0.27,1.068,65.6,4.9,,,
shen,"Zhang, 2020a",Jiangsu,119.5,32.2,wetland,1,0.09,0.27,1.091,66.4,5.7,,,
shen,"Zhang, 2020a",Jiangsu,119.5,32.2,wetland,1,0.09,0.27,1.148,68.3,7.2,,,
shen,"Zhang, 2020a",Jiangsu,119.5,32.2,wetland,1,0.09,0.27,1.244,71.2,13.8,,,
shen,"Zhang, 2020a",Jiangsu,119.5,32.2,wetland,1,0.09,0.27,1.361,74.3,16.1,,,
shen,"Zhang, 2020a",Jiangsu,119.5,32.2,wetland,1,0.09,0.27,1.52,78.1,21.9,,,
shen,"Zhang, 2020a",Jiangsu,119.5,32.2,wetland,1,0.09,0.27,1.609,80,25.6,,,
shen,"Zhang, 2020a",Jiangsu,119.5,32.2,wetland,1,0.09,0.27,1.504,77.8,27.1,,,
shen,"Zhang, 2020a",Jiangsu,119.5,32.2,wetland,1,0.09,0.27,1.374,74.7,29.6,,,
shen,"Zhang, 2020a",Jiangsu,119.5,32.2,wetland,1,0.09,0.27,1.278,72.1,25.9,,,
shen,"Zhang, 2020a",Jiangsu,119.5,32.2,wetland,1,0.09,0.27,1.154,68.5,17,,,
shen,"Zhang, 2020a",Jiangsu,119.5,32.2,wetland,1,0.09,0.27,1.03,64.3,14.3,,,
shen,"Zhang, 2020a",Jiangsu,119.5,32.2,wetland,2,0.09,0.27,0.572,68.2,4.9,,,
shen,"Zhang, 2020a",Jiangsu,119.5,32.2,wetland,2,0.09,0.27,0.6,69.9,5.7,,,
shen,"Zhang, 2020a",Jiangsu,119.5,32.2,wetland,2,0.09,0.27,0.635,71.9,7.2,,,
shen,"Zhang, 2020a",Jiangsu,119.5,32.2,wetland,2,0.09,0.27,0.672,73.9,13.8,,,
shen,"Zhang, 2020a",Jiangsu,119.5,32.2,wetland,2,0.09,0.27,0.72,76.3,16.1,,,
shen,"Zhang, 2020a",Jiangsu,119.5,32.2,wetland,2,0.09,0.27,0.846,81.6,21.9,,,
shen,"Zhang, 2020a",Jiangsu,119.5,32.2,wetland,2,0.09,0.27,0.877,82.7,25.6,,,
shen,"Zhang, 2020a",Jiangsu,119.5,32.2,wetland,2,0.09,0.27,0.83,81,27.1,,,
shen,"Zhang, 2020a",Jiangsu,119.5,32.2,wetland,2,0.09,0.27,0.72,76.3,29.6,,,
shen,"Zhang, 2020a",Jiangsu,119.5,32.2,wetland,2,0.09,0.27,0.688,74.7,25.9,,,
shen,"Zhang, 2020a",Jiangsu,119.5,32.2,wetland,2,0.09,0.27,0.62,71.1,17,,,
shen,"Zhang, 2020a",Jiangsu,119.5,32.2,wetland,2,0.09,0.27,0.543,66.3,14.3,,,
shen,"Zhang, 2020b",Guangdong,113.4,23,wetland,2,0.05,0.1,0.534,65.6,28,,,
shen,"Zhang, 2020b",Guangdong,113.4,23,wetland,1.5,0.05,0.1,0.716,65.9,28,,,
shen,"Zhang, 2020b",Guangdong,113.4,23,wetland,1,0.05,0.1,0.954,61.5,28,,,
shen,"Zhang, 2020b",Guangdong,113.4,23,wetland,0.5,0.05,0.1,1.662,56.4,28,,,
shen,"Zhang, 2020b",Guangdong,113.4,23,wetland,2,0.05,0.1,0.108,19.4,12.5,,,
shen,"Zhao et al., 2012",Jiangsu,119.4,32.2,wetland,6.4,0.55,15.25,0.091,44,1.5,,,
shen,"Zhao et al., 2016",Shanghai,121.5,31.2,wetland,1,0.6,29.9,0.674,49,,,,
shen,"Zheng et al., 2006",Jiangsu,120,31.4,wetland,3,0.6,1.8,0.124,31,13,,,
shen,"Zheng et al., 2006",Jiangsu,120,31.4,wetland,1,0.6,1.8,0.892,59,17.1,,,
shen,"Zheng et al., 2016",Shaanxi,108.9,34.4,wetland,3.6,0.7,6820,0.366,73.2,19.3,,,
shen,"Zheng et al., 2020",Hunan,113.1,27.8,wetland,82,,9300,0.019,78.1,25.8,,,
shen,"Zheng, 2020",Shanghai,121.2,30.7,wetland,1.5,0.2,12,0.609,59.9,30.7,,,
shen,"Zheng, 2020",Shanghai,121.2,30.7,wetland,1.5,0.2,12,0.136,18.5,21.6,,,
shen,"Zheng, 2020",Shanghai,121.2,30.7,wetland,1.5,0.2,12,0.044,6.4,12.1,,,
shen,"Zheng, 2020",Shanghai,121.2,30.7,wetland,3,0.2,12,0.3,59.4,30.7,,,
shen,"Zheng, 2020",Shanghai,121.2,30.7,wetland,3,0.2,12,0.144,35,21.6,,,
shen,"Zheng, 2020",Shanghai,121.2,30.7,wetland,3,0.2,12,0.06,16.5,12.1,,,
shen,"Zhong et al., 2017",Shandong,117.5,36.8,wetland,8,,2500,0.084,49,22,,,
shen,"Zhong et al., 2017",Shandong,117.5,36.8,wetland,8,,2500,0.234,84.7,26,,,
shen,"Zhong, 2018",Hebei,114.6,36.7,wetland,1.8,0.5,320,0.329,45.4,24,,,
cheng,Zhou and Hosomi  2007,Japan,,,CWUF,1.41E+00,0.6,3.00E+01,0.268,,,3.25E-01,1.62E-02,2.19E+03
shen,"Zhou et al., 2006",Jiangsu,119.9,31.3,wetland,5,0.5,80,0.047,20.8,17.7,,,
shen,"Zhou et al., 2006",Jiangsu,119.9,31.3,wetland,5,0.5,80,0.023,10.8,17.8,,,
shen,"Zhou et al., 2006",Jiangsu,119.9,31.3,wetland,4,1,20,0.07,24.4,17.5,,,
shen,"Zhou et al., 2007",Chongqing,106.5,29.6,wetland,1,0.6,0.2,0.657,48.2,31.5,,,
shen,"Zhou et al., 2013",,,,wetland,1,0.8,0.36,0.685,49.6,18,,,
shen,"Zhou et al., 2017",Jiangsu,120.8,31.5,wetland,1.2,0.5,70,1.706,86.9,31.5,,,
shen,"Zhou et al., 2018a",Hunan,112.9,28.2,wetland,25,0.4,497,0.131,96.3,19.5,,,
shen,"Zhou, 2005",Shaanxi,109,34.2,wetland,1,0.75,2.9,0.518,40.4,21.6,,,
shen,"Zhou, 2005",Shaanxi,109,34.2,wetland,3,0.75,2.9,0.271,55.6,21.6,,,
shen,"Zhou, 2005",Shaanxi,109,34.2,wetland,5,0.75,2.9,0.139,50,21.6,,,
shen,"Zhou, 2005",Shaanxi,109,34.2,wetland,7,0.75,2.9,0.078,42,21.6,,,
shen,"Zhou, 2011",Jiangxi,115.9,28.7,wetland,3.5,,5,0.291,63.9,13,,,
shen,"Zhou, 2011",Jiangxi,115.9,28.7,wetland,3.5,,5,0.331,68.6,27.3,,,
shen,"Zhou, 2012",Jiangsu,118.9,32,wetland,30,0.5,,0.077,90,24.5,,,
shen,"Zhou, 2013",Shaanxi,109,34.4,wetland,3,0.05,,0.485,76.7,22.6,,,
shen,"Zhou, 2013",Shaanxi,109,34.4,wetland,3,0.05,,0.282,57.1,6.2,,,
shen,"Zhou, 2016",Hunan,113,28.1,wetland,1.8,,4,0.317,42.6,19.7,,,
shen,"Zhu et al., 2020b",Hunan,113.4,28.5,wetland,33,,531,0.056,84.5,18.5,,,
shen,"Zhu, 2014",Jiangxi,115.9,28.7,wetland,1.1,,2.5,0.23,22,29.3,,,
shen,"Zhu, 2014",Jiangxi,115.9,28.7,wetland,5,,10,0.06,25.8,29.3,,,
shen,"Zou et al., 2016",Jiangsu,118.9,33.3,wetland,10,0.66,,0.025,22,4.8,,,
shen,"Zuo et al., 2009",,,,wetland,4,,6,0.178,51,23.5,,,
